日期,Open,Close,High,Low,Volume,成交额,振幅,涨跌幅,涨跌额,换手率
2021-07-05,0.98,0.966,0.98,0.954,16691094,1613740032.0,2.71,0.84,0.008,12.95
2021-07-06,0.966,0.941,0.967,0.926,14180050,1335621136.0,4.24,-2.59,-0.025,11.0
2021-07-07,0.933,0.972,0.977,0.932,13306034,1282218928.0,4.78,3.29,0.031,10.33
2021-07-08,0.974,0.977,0.987,0.973,10743700,1052425424.0,1.44,0.51,0.005,8.34
2021-07-09,0.975,0.966,0.975,0.945,10655130,1022257488.0,3.07,-1.13,-0.011,8.27
2021-07-12,0.971,0.992,0.997,0.963,11309455,1117508784.0,3.52,2.69,0.026,8.78
2021-07-13,0.992,0.983,1.0,0.975,11193996,1101903264.0,2.52,-0.91,-0.009,8.69
2021-07-14,0.981,0.98,0.994,0.971,11668057,1151940832.0,2.34,-0.31,-0.003,9.05
2021-07-15,0.976,0.991,0.991,0.972,10947544,1075555520.0,1.94,1.12,0.011,8.5
2021-07-16,0.99,0.962,0.99,0.959,12581847,1225186784.0,3.13,-2.93,-0.029,9.76
2021-07-19,0.958,0.964,0.974,0.956,11663067,1125610816.0,1.87,0.21,0.002,9.05
2021-07-20,0.957,0.968,0.975,0.955,12122873,1170451088.0,2.07,0.41,0.004,9.41
2021-07-21,0.97,0.994,0.997,0.968,15764377,1552289088.0,3.0,2.69,0.026,12.23
2021-07-22,0.994,0.988,0.999,0.981,11087955,1094115040.0,1.81,-0.6,-0.006,8.6
2021-07-23,0.986,0.965,0.987,0.959,12280862,1188047136.0,2.83,-2.33,-0.023,9.53
2021-07-26,0.964,0.933,0.964,0.906,15818468,1477501056.0,6.01,-3.32,-0.032,12.27
2021-07-27,0.931,0.909,0.95,0.906,13937319,1302627760.0,4.72,-2.57,-0.024,10.82
2021-07-28,0.91,0.916,0.922,0.881,13314540,1207947984.0,4.51,0.77,0.007,10.33
2021-07-29,0.934,0.961,0.967,0.931,14052596,1334088448.0,3.93,4.91,0.045,10.9
2021-07-30,0.96,0.963,0.973,0.948,12037615,1156245600.0,2.6,0.21,0.002,9.34
2021-08-02,0.961,0.967,0.973,0.944,11707558,1122419024.0,3.01,0.42,0.004,9.08
2021-08-03,0.964,0.966,0.975,0.953,12554475,1209965680.0,2.28,-0.1,-0.001,9.74
2021-08-04,0.964,0.983,0.984,0.955,12702405,1237977584.0,3.0,1.76,0.017,9.86
2021-08-05,0.98,0.983,0.993,0.971,11279142,1107621808.0,2.24,0.0,0.0,8.75
2021-08-06,0.985,0.97,0.991,0.964,10199859,994920944.0,2.75,-1.32,-0.013,7.91
2021-08-09,0.965,0.96,0.965,0.946,12201033,1165108624.0,1.96,-1.03,-0.01,9.47
2021-08-10,0.956,0.961,0.965,0.949,12376159,1183684112.0,1.67,0.1,0.001,9.6
2021-08-11,0.957,0.949,0.962,0.947,10356450,986915152.0,1.56,-1.25,-0.012,8.04
2021-08-12,0.948,0.936,0.953,0.934,13011576,1223202032.0,2.0,-1.37,-0.013,10.1
2021-08-13,0.936,0.918,0.94,0.914,11511189,1064010608.0,2.78,-1.92,-0.018,8.93
2021-08-16,0.915,0.91,0.918,0.904,8986726,818273472.0,1.53,-0.87,-0.008,6.97
2021-08-17,0.91,0.886,0.915,0.882,11557691,1036870848.0,3.63,-2.64,-0.024,8.97
2021-08-18,0.89,0.886,0.896,0.881,9186466,815159872.0,1.69,0.0,0.0,7.13
2021-08-19,0.887,0.895,0.902,0.885,10561065,944126064.0,1.92,1.02,0.009,8.2
2021-08-20,0.893,0.869,0.893,0.859,11209290,977425552.0,3.8,-2.91,-0.026,8.7
2021-08-23,0.87,0.899,0.9,0.868,11786945,1048724400.0,3.68,3.45,0.03,9.15
2021-08-24,0.902,0.911,0.916,0.895,12565680,1143754352.0,2.34,1.33,0.012,9.75
2021-08-25,0.908,0.906,0.911,0.895,9392398,847057024.0,1.76,-0.55,-0.005,7.29
2021-08-26,0.906,0.881,0.911,0.88,12617424,1121961328.0,3.42,-2.76,-0.025,9.79
2021-08-27,0.881,0.878,0.894,0.875,9286905,819929584.0,2.16,-0.34,-0.003,7.21
2021-08-30,0.883,0.878,0.894,0.873,11000954,972505760.0,2.39,0.0,0.0,8.54
2021-08-31,0.876,0.855,0.88,0.851,13042641,1121583664.0,3.3,-2.62,-0.023,10.12
2021-09-01,0.858,0.856,0.862,0.84,11612259,987068016.0,2.57,0.12,0.001,9.01
2021-09-02,0.855,0.835,0.858,0.832,13415626,1126983392.0,3.04,-2.45,-0.021,10.41
2021-09-03,0.837,0.827,0.84,0.825,12955352,1077580960.0,1.8,-0.96,-0.008,10.05
2021-09-06,0.828,0.861,0.863,0.823,12443168,1060895616.0,4.84,4.11,0.034,9.66
2021-09-07,0.86,0.86,0.862,0.851,9856349,845444864.0,1.28,-0.12,-0.001,7.65
2021-09-08,0.86,0.848,0.866,0.847,11436514,976178944.0,2.21,-1.4,-0.012,8.87
2021-09-09,0.849,0.849,0.856,0.837,10298116,868468352.0,2.24,0.12,0.001,7.99
2021-09-10,0.849,0.855,0.856,0.837,10600964,898797264.0,2.24,0.71,0.006,8.23
2021-09-13,0.851,0.836,0.859,0.835,11342096,954534480.0,2.81,-2.22,-0.019,8.8
2021-09-14,0.838,0.849,0.857,0.837,11393361,969791456.0,2.39,1.56,0.013,8.84
2021-09-15,0.848,0.834,0.848,0.83,11393860,952411968.0,2.12,-1.77,-0.015,8.84
2021-09-16,0.837,0.822,0.837,0.822,11200124,925068432.0,1.8,-1.44,-0.012,8.69
2021-09-17,0.823,0.844,0.846,0.82,10405600,869013936.0,3.16,2.68,0.022,8.07
2021-09-22,0.835,0.84,0.85,0.832,8678312,730549440.0,2.13,-0.47,-0.004,6.73
2021-09-23,0.844,0.844,0.853,0.836,7825560,660948176.0,2.02,0.48,0.004,6.07
2021-09-24,0.843,0.852,0.864,0.841,11545390,987752576.0,2.73,0.95,0.008,8.96
2021-09-27,0.855,0.864,0.876,0.854,10141539,879632320.0,2.58,1.41,0.012,7.87
2021-09-28,0.86,0.857,0.874,0.854,7595770,654310720.0,2.31,-0.81,-0.007,5.89
2021-09-29,0.854,0.851,0.858,0.846,8334540,710138224.0,1.4,-0.7,-0.006,6.47
2021-09-30,0.851,0.864,0.866,0.851,7983217,686609920.0,1.76,1.53,0.013,6.19
2021-10-08,0.87,0.863,0.873,0.856,8643331,744983376.0,1.97,-0.12,-0.001,6.71
2021-10-11,0.861,0.844,0.864,0.843,8715976,743085488.0,2.43,-2.2,-0.019,6.76
2021-10-12,0.84,0.831,0.851,0.824,8492572,711130352.0,3.2,-1.54,-0.013,6.59
2021-10-13,0.831,0.847,0.848,0.831,9383510,787510784.0,2.05,1.93,0.016,7.28
2021-10-14,0.845,0.846,0.853,0.841,7596638,643781840.0,1.42,-0.12,-0.001,5.89
2021-10-15,0.845,0.857,0.86,0.838,7841190,668951328.0,2.6,1.3,0.011,6.08
2021-10-18,0.856,0.851,0.858,0.841,7012365,593962672.0,1.98,-0.7,-0.006,5.44
2021-10-19,0.851,0.86,0.86,0.85,8020928,686628000.0,1.18,1.06,0.009,6.22
2021-10-20,0.858,0.853,0.864,0.848,7229113,617348944.0,1.86,-0.81,-0.007,5.61
2021-10-21,0.852,0.849,0.858,0.846,7593980,646236928.0,1.41,-0.47,-0.004,5.89
2021-10-22,0.85,0.858,0.863,0.85,9292886,797110576.0,1.53,1.06,0.009,7.21
2021-10-25,0.857,0.87,0.87,0.857,8648237,749430688.0,1.52,1.4,0.012,6.71
2021-10-26,0.87,0.868,0.876,0.867,6907327,601912464.0,1.03,-0.23,-0.002,5.36
2021-10-27,0.867,0.857,0.867,0.853,6359132,545700496.0,1.61,-1.27,-0.011,4.93
2021-10-28,0.857,0.857,0.869,0.853,7437965,640176000.0,1.87,0.0,0.0,5.77
2021-10-29,0.857,0.875,0.877,0.849,8642878,747484208.0,3.27,2.1,0.018,6.71
2021-11-01,0.872,0.867,0.876,0.86,8660224,753259248.0,1.83,-0.91,-0.008,6.72
2021-11-02,0.865,0.868,0.88,0.863,8487634,741092080.0,1.96,0.12,0.001,6.59
2021-11-03,0.869,0.865,0.877,0.86,7634420,662263840.0,1.96,-0.35,-0.003,5.92
2021-11-04,0.866,0.872,0.877,0.866,6889280,600806800.0,1.27,0.81,0.007,5.35
2021-11-05,0.872,0.873,0.878,0.87,7390105,646910080.0,0.92,0.11,0.001,5.73
2021-11-08,0.871,0.872,0.876,0.865,5447884,474130832.0,1.26,-0.11,-0.001,4.23
2021-11-09,0.873,0.881,0.882,0.871,6349677,557079424.0,1.26,1.03,0.009,4.93
2021-11-10,0.879,0.88,0.881,0.861,7191545,627988528.0,2.27,-0.11,-0.001,5.58
2021-11-11,0.877,0.885,0.888,0.876,6735988,595220768.0,1.36,0.57,0.005,5.23
2021-11-12,0.885,0.882,0.886,0.877,6573326,579325232.0,1.02,-0.34,-0.003,5.1
2021-11-15,0.879,0.878,0.883,0.874,6066231,532495280.0,1.02,-0.45,-0.004,4.71
2021-11-16,0.876,0.881,0.886,0.875,7095876,625899920.0,1.25,0.34,0.003,5.51
2021-11-17,0.881,0.885,0.886,0.878,6324502,558480704.0,0.91,0.45,0.004,4.91
2021-11-18,0.883,0.873,0.884,0.872,7373628,645365696.0,1.36,-1.36,-0.012,5.72
2021-11-19,0.873,0.878,0.879,0.871,6307246,551504000.0,0.92,0.57,0.005,4.89
2021-11-22,0.88,0.896,0.897,0.879,7840243,698298672.0,2.05,2.05,0.018,6.08
2021-11-23,0.895,0.896,0.898,0.891,6121581,548010608.0,0.78,0.0,0.0,4.75
2021-11-24,0.894,0.893,0.898,0.89,6683750,597697008.0,0.89,-0.33,-0.003,5.19
2021-11-25,0.894,0.901,0.903,0.892,8694059,780502944.0,1.23,0.9,0.008,6.75
2021-11-26,0.9,0.893,0.903,0.892,5760029,516506176.0,1.22,-0.89,-0.008,4.47
2021-11-29,0.888,0.896,0.906,0.888,5988345,538627648.0,2.02,0.34,0.003,4.65
2021-11-30,0.898,0.892,0.899,0.888,5787344,515771824.0,1.23,-0.45,-0.004,4.49
2021-12-01,0.891,0.883,0.893,0.882,5533543,489825312.0,1.23,-1.01,-0.009,4.29
2021-12-02,0.883,0.876,0.886,0.875,4579825,402566464.0,1.25,-0.79,-0.007,3.55
2021-12-03,0.876,0.881,0.883,0.874,3962932,348337392.0,1.03,0.57,0.005,3.08
2021-12-06,0.878,0.862,0.88,0.862,4975098,433489680.0,2.04,-2.16,-0.019,3.86
2021-12-07,0.865,0.856,0.868,0.85,4913884,420931920.0,2.09,-0.7,-0.006,3.81
2021-12-08,0.858,0.868,0.869,0.856,5555522,480040768.0,1.52,1.4,0.012,4.31
2021-12-09,0.866,0.882,0.885,0.864,5740667,503764288.0,2.42,1.61,0.014,4.45
2021-12-10,0.879,0.887,0.888,0.878,3813001,337018912.0,1.13,0.57,0.005,2.96
2021-12-13,0.885,0.887,0.894,0.883,4222066,375531248.0,1.24,0.0,0.0,3.28
2021-12-14,0.886,0.887,0.892,0.885,4166607,370174240.0,0.79,0.0,0.0,3.23
2021-12-15,0.884,0.876,0.889,0.875,4111165,363072080.0,1.58,-1.24,-0.011,3.19
2021-12-16,0.878,0.881,0.883,0.876,3850541,338754304.0,0.8,0.57,0.005,2.99
2021-12-17,0.88,0.867,0.882,0.865,4349032,378470800.0,1.93,-1.59,-0.014,3.37
2021-12-20,0.866,0.843,0.867,0.84,6212071,528791968.0,3.11,-2.77,-0.024,4.82
2021-12-21,0.842,0.848,0.848,0.837,4399330,370905408.0,1.3,0.59,0.005,3.41
2021-12-22,0.849,0.849,0.852,0.845,5045081,428823232.0,0.83,0.12,0.001,3.91
2021-12-23,0.85,0.849,0.854,0.846,4045924,343488800.0,0.94,0.0,0.0,3.14
2021-12-24,0.85,0.836,0.85,0.832,5322048,445844048.0,2.12,-1.53,-0.013,4.13
2021-12-27,0.834,0.835,0.841,0.828,4662506,388505264.0,1.56,-0.12,-0.001,3.62
2021-12-28,0.835,0.843,0.843,0.829,4079032,340905312.0,1.68,0.96,0.008,3.17
2021-12-29,0.842,0.83,0.842,0.829,5872130,488666352.0,1.54,-1.54,-0.013,4.56
2021-12-30,0.83,0.834,0.841,0.829,4514921,377226496.0,1.45,0.48,0.004,3.5
2021-12-31,0.836,0.837,0.843,0.836,3497693,293143136.0,0.84,0.36,0.003,2.71
2022-01-04,0.84,0.81,0.841,0.809,8673830,708255216.0,3.82,-3.23,-0.027,6.73
2022-01-05,0.811,0.789,0.812,0.786,8309354,661245248.0,3.21,-2.59,-0.021,6.45
2022-01-06,0.784,0.782,0.788,0.773,6054303,472122000.0,1.9,-0.89,-0.007,4.7
2022-01-07,0.782,0.776,0.786,0.774,5814722,452934832.0,1.53,-0.77,-0.006,4.51
2022-01-10,0.778,0.778,0.781,0.766,5277358,409216064.0,1.93,0.26,0.002,4.1
2022-01-11,0.779,0.77,0.78,0.768,6185573,477525744.0,1.54,-1.03,-0.008,4.8
2022-01-12,0.773,0.789,0.789,0.773,6128815,479823184.0,2.08,2.47,0.019,4.76
2022-01-13,0.789,0.778,0.79,0.778,6253027,489226064.0,1.52,-1.39,-0.011,4.85
2022-01-14,0.777,0.786,0.789,0.772,6482348,507914064.0,2.19,1.03,0.008,5.03
2022-01-17,0.785,0.795,0.797,0.785,5472552,434465440.0,1.53,1.15,0.009,4.25
2022-01-18,0.795,0.796,0.803,0.788,6046626,481957056.0,1.89,0.13,0.001,4.69
2022-01-19,0.792,0.778,0.793,0.773,6466751,504534432.0,2.51,-2.26,-0.018,5.02
2022-01-20,0.776,0.776,0.784,0.774,5354898,416269088.0,1.29,-0.26,-0.002,4.16
2022-01-21,0.775,0.766,0.778,0.764,7185848,552038096.0,1.8,-1.29,-0.01,5.58
2022-01-24,0.764,0.775,0.777,0.762,7963416,615020112.0,1.96,1.17,0.009,6.18
2022-01-25,0.772,0.76,0.777,0.758,6580257,506552720.0,2.45,-1.94,-0.015,5.11
2022-01-26,0.763,0.761,0.766,0.75,6612814,500899632.0,2.11,0.13,0.001,5.13
2022-01-27,0.758,0.732,0.758,0.731,7375831,548503152.0,3.55,-3.81,-0.029,5.72
2022-01-28,0.736,0.728,0.74,0.724,5781038,423229472.0,2.19,-0.55,-0.004,4.49
2022-02-07,0.738,0.734,0.75,0.729,5788575,426679568.0,2.88,0.82,0.006,4.49
2022-02-08,0.734,0.71,0.734,0.699,8338072,590663712.0,4.77,-3.27,-0.024,6.47
2022-02-09,0.712,0.716,0.718,0.701,6213435,440881824.0,2.39,0.85,0.006,4.82
2022-02-10,0.718,0.704,0.719,0.698,6934617,488837840.0,2.93,-1.68,-0.012,5.38
2022-02-11,0.701,0.686,0.701,0.684,6781797,470135968.0,2.41,-2.56,-0.018,5.26
2022-02-14,0.68,0.684,0.693,0.677,5990471,411149968.0,2.33,-0.29,-0.002,4.65
2022-02-15,0.684,0.709,0.709,0.684,8412705,589114128.0,3.65,3.65,0.025,6.53
2022-02-16,0.71,0.709,0.716,0.705,5762151,409970176.0,1.55,0.0,0.0,4.47
2022-02-17,0.708,0.715,0.722,0.707,5875751,420657952.0,2.12,0.85,0.006,4.56
2022-02-18,0.711,0.711,0.713,0.705,5101686,361822304.0,1.12,-0.56,-0.004,3.96
2022-02-21,0.711,0.709,0.715,0.705,5247462,371783200.0,1.41,-0.28,-0.002,4.07
2022-02-22,0.706,0.7,0.706,0.693,6513222,454969808.0,1.83,-1.27,-0.009,5.05
2022-02-23,0.7,0.724,0.724,0.7,6297602,451209200.0,3.43,3.43,0.024,4.89
2022-02-24,0.72,0.71,0.729,0.703,6878128,493477968.0,3.59,-1.93,-0.014,5.34
2022-02-25,0.72,0.73,0.736,0.72,6257936,456923536.0,2.25,2.82,0.02,4.86
2022-02-28,0.725,0.733,0.735,0.723,6183310,451126816.0,1.64,0.41,0.003,4.8
2022-03-01,0.737,0.734,0.741,0.728,6359042,466163344.0,1.77,0.14,0.001,4.93
2022-03-02,0.73,0.722,0.731,0.716,5238268,377585808.0,2.04,-1.63,-0.012,4.06
2022-03-03,0.726,0.712,0.728,0.711,6195306,444086080.0,2.35,-1.39,-0.01,4.81
2022-03-04,0.708,0.703,0.715,0.701,6459731,457098944.0,1.97,-1.26,-0.009,5.01
2022-03-07,0.7,0.678,0.7,0.675,7688412,525886560.0,3.56,-3.56,-0.025,5.97
2022-03-08,0.676,0.665,0.683,0.663,7766494,521861808.0,2.95,-1.92,-0.013,6.03
2022-03-09,0.669,0.661,0.673,0.636,8129730,535937024.0,5.56,-0.6,-0.004,6.31
2022-03-10,0.674,0.676,0.681,0.67,6854004,463628736.0,1.66,2.27,0.015,5.32
2022-03-11,0.67,0.685,0.685,0.659,7914632,529002448.0,3.85,1.33,0.009,6.14
2022-03-14,0.679,0.664,0.682,0.664,6606391,445698192.0,2.63,-3.07,-0.021,5.13
2022-03-15,0.66,0.648,0.675,0.648,7193876,475931120.0,4.07,-2.41,-0.016,5.58
2022-03-16,0.656,0.677,0.68,0.64,7791681,511547168.0,6.17,4.48,0.029,6.05
2022-03-17,0.685,0.696,0.707,0.685,9494697,661456240.0,3.25,2.81,0.019,7.37
2022-03-18,0.691,0.699,0.7,0.685,6791442,469378912.0,2.16,0.43,0.003,5.27
2022-03-21,0.7,0.701,0.709,0.695,6682277,469449120.0,2.0,0.29,0.002,5.19
2022-03-22,0.699,0.688,0.699,0.686,7053640,486878640.0,1.85,-1.85,-0.013,5.47
2022-03-23,0.691,0.693,0.696,0.686,6638562,459853216.0,1.45,0.73,0.005,5.15
2022-03-24,0.692,0.692,0.696,0.678,7087613,486690752.0,2.6,-0.14,-0.001,5.5
2022-03-25,0.691,0.674,0.695,0.674,7169476,489106256.0,3.03,-2.6,-0.018,5.56
2022-03-28,0.67,0.661,0.671,0.657,7789171,516916736.0,2.08,-1.93,-0.013,6.04
2022-03-29,0.662,0.659,0.669,0.657,7001988,463534832.0,1.82,-0.3,-0.002,5.43
2022-03-30,0.664,0.677,0.679,0.661,5436821,365579200.0,2.73,2.73,0.018,4.22
2022-03-31,0.675,0.672,0.678,0.669,5538335,372193808.0,1.33,-0.74,-0.005,4.3
2022-04-01,0.667,0.669,0.675,0.664,5971739,400079424.0,1.64,-0.45,-0.003,4.63
2022-04-06,0.669,0.659,0.669,0.655,6280323,414287904.0,2.09,-1.49,-0.01,4.87
2022-04-07,0.655,0.647,0.658,0.645,5794074,376302960.0,1.97,-1.82,-0.012,4.5
2022-04-08,0.646,0.647,0.656,0.641,5890960,381874288.0,2.32,0.0,0.0,4.57
2022-04-11,0.645,0.624,0.645,0.621,6963422,437913712.0,3.71,-3.55,-0.023,5.4
2022-04-12,0.623,0.631,0.632,0.619,6643712,415350992.0,2.08,1.12,0.007,5.16
2022-04-13,0.629,0.617,0.629,0.616,6465483,402520752.0,2.06,-2.22,-0.014,5.02
2022-04-14,0.622,0.612,0.623,0.604,8253992,504744928.0,3.08,-0.81,-0.005,6.4
2022-04-15,0.609,0.615,0.62,0.601,7388743,451092528.0,3.1,0.49,0.003,5.73
2022-04-18,0.613,0.627,0.628,0.605,7919829,489665120.0,3.74,1.95,0.012,6.15
2022-04-19,0.624,0.618,0.633,0.615,7083480,439939936.0,2.87,-1.44,-0.009,5.5
2022-04-20,0.617,0.594,0.617,0.593,8716525,524222416.0,3.88,-3.88,-0.024,6.76
2022-04-21,0.591,0.582,0.599,0.579,8008572,472601904.0,3.37,-2.02,-0.012,6.21
2022-04-22,0.579,0.575,0.582,0.572,7082864,408364144.0,1.72,-1.2,-0.007,5.5
2022-04-25,0.566,0.541,0.566,0.541,8495508,472782400.0,4.35,-5.91,-0.034,6.59
2022-04-26,0.543,0.534,0.551,0.533,8004447,434537600.0,3.33,-1.29,-0.007,6.21
2022-04-27,0.527,0.56,0.562,0.525,9245106,502276912.0,6.93,4.87,0.026,7.17
2022-04-28,0.557,0.555,0.563,0.55,6823558,379409088.0,2.32,-0.89,-0.005,5.29
2022-04-29,0.558,0.58,0.581,0.555,8126149,461224016.0,4.68,4.5,0.025,6.31
2022-05-05,0.572,0.578,0.586,0.569,6875964,398656608.0,2.93,-0.34,-0.002,5.34
2022-05-06,0.569,0.566,0.573,0.564,6898233,392497568.0,1.56,-2.08,-0.012,5.35
2022-05-09,0.564,0.564,0.57,0.561,6310867,356131568.0,1.59,-0.35,-0.002,4.9
2022-05-10,0.56,0.577,0.581,0.554,7765514,446039296.0,4.79,2.3,0.013,6.03
2022-05-11,0.576,0.596,0.61,0.576,9999565,598448080.0,5.89,3.29,0.019,7.76
2022-05-12,0.592,0.601,0.604,0.591,7054837,422326256.0,2.18,0.84,0.005,5.47
2022-05-13,0.604,0.601,0.606,0.595,6079143,364343968.0,1.83,0.0,0.0,4.72
2022-05-16,0.603,0.593,0.609,0.591,5925201,353589136.0,3.0,-1.33,-0.008,4.6
2022-05-17,0.592,0.601,0.602,0.59,5533538,330865392.0,2.02,1.35,0.008,4.29
2022-05-18,0.601,0.602,0.608,0.599,5569395,335922080.0,1.5,0.17,0.001,4.32
2022-05-19,0.595,0.611,0.611,0.594,5489448,331049904.0,2.82,1.5,0.009,4.26
2022-05-20,0.613,0.619,0.621,0.61,6080427,374786032.0,1.8,1.31,0.008,4.72
2022-05-23,0.619,0.616,0.62,0.61,5269624,323843008.0,1.62,-0.48,-0.003,4.09
2022-05-24,0.616,0.591,0.616,0.591,6356346,383947632.0,4.06,-4.06,-0.025,4.93
2022-05-25,0.591,0.594,0.596,0.587,6056078,358063280.0,1.52,0.51,0.003,4.7
2022-05-26,0.594,0.589,0.596,0.58,5927768,348977120.0,2.69,-0.84,-0.005,4.6
2022-05-27,0.593,0.589,0.603,0.587,6058577,360516496.0,2.72,0.0,0.0,4.7
2022-05-30,0.59,0.595,0.597,0.587,5466316,324073168.0,1.7,1.02,0.006,4.24
2022-05-31,0.596,0.609,0.61,0.588,5676839,340481968.0,3.7,2.35,0.014,4.41
2022-06-01,0.606,0.615,0.618,0.605,5133682,314884192.0,2.13,0.99,0.006,3.98
2022-06-02,0.611,0.628,0.628,0.611,6596017,409776656.0,2.76,2.11,0.013,5.12
2022-06-06,0.628,0.653,0.655,0.625,7372042,475983760.0,4.78,3.98,0.025,5.72
2022-06-07,0.655,0.654,0.658,0.648,6183827,403357168.0,1.53,0.15,0.001,4.8
2022-06-08,0.654,0.658,0.66,0.645,7586190,496502192.0,2.29,0.61,0.004,5.89
2022-06-09,0.656,0.638,0.656,0.636,5980016,386014400.0,3.04,-3.04,-0.02,4.64
2022-06-10,0.634,0.65,0.651,0.633,4644505,299124496.0,2.82,1.88,0.012,3.6
2022-06-13,0.644,0.644,0.649,0.639,4852857,312711680.0,1.54,-0.92,-0.006,3.77
2022-06-14,0.638,0.639,0.64,0.619,5271367,331396016.0,3.26,-0.78,-0.005,4.09
2022-06-15,0.64,0.639,0.652,0.634,5434521,348310160.0,2.82,0.0,0.0,4.22
2022-06-16,0.64,0.645,0.652,0.64,4946873,319998688.0,1.88,0.94,0.006,3.84
2022-06-17,0.64,0.66,0.662,0.637,5703920,371957008.0,3.88,2.33,0.015,4.43
2022-06-20,0.661,0.67,0.679,0.661,5629023,377543840.0,2.73,1.52,0.01,4.37
2022-06-21,0.669,0.665,0.674,0.66,5440443,363101904.0,2.09,-0.75,-0.005,4.22
2022-06-22,0.666,0.661,0.674,0.661,5413298,361689376.0,1.95,-0.6,-0.004,4.2
2022-06-23,0.661,0.677,0.678,0.658,5940919,395880800.0,3.03,2.42,0.016,4.61
2022-06-24,0.679,0.693,0.695,0.679,6048235,416730816.0,2.36,2.36,0.016,4.69
2022-06-27,0.694,0.69,0.701,0.689,5237504,364161632.0,1.73,-0.43,-0.003,4.06
2022-06-28,0.69,0.695,0.699,0.678,5720626,392709952.0,3.04,0.72,0.005,4.44
2022-06-29,0.691,0.679,0.699,0.678,5517902,381048464.0,3.02,-2.3,-0.016,4.28
2022-06-30,0.678,0.686,0.694,0.677,5857819,401893648.0,2.5,1.03,0.007,4.55
2022-07-01,0.686,0.681,0.691,0.677,4359070,297703616.0,2.04,-0.73,-0.005,3.38
2022-07-04,0.678,0.689,0.689,0.67,5172756,353014816.0,2.79,1.17,0.008,4.01
2022-07-05,0.689,0.683,0.695,0.673,5451809,371623824.0,3.19,-0.87,-0.006,4.23
2022-07-06,0.682,0.684,0.698,0.678,6607041,455054112.0,2.93,0.15,0.001,5.13
2022-07-07,0.683,0.694,0.696,0.677,6061542,417912080.0,2.78,1.46,0.01,4.7
2022-07-08,0.695,0.688,0.703,0.687,5235891,363373424.0,2.31,-0.86,-0.006,4.06
2022-07-11,0.686,0.678,0.687,0.672,5446800,368663712.0,2.18,-1.45,-0.01,4.23
2022-07-12,0.677,0.661,0.679,0.661,5943856,396861074.414,2.65,-2.51,-0.017,4.61
2022-07-13,0.662,0.668,0.673,0.652,5789501,383622421.993,3.18,1.06,0.007,4.49
2022-07-14,0.665,0.688,0.696,0.663,6389263,437159117.038,4.94,2.99,0.02,4.96
2022-07-15,0.688,0.677,0.694,0.677,5219096,359051918.741,2.47,-1.6,-0.011,4.05
2022-07-18,0.677,0.682,0.686,0.668,5236400,354010060.733,2.66,0.74,0.005,4.06
2022-07-19,0.68,0.67,0.682,0.664,5776020,387852143.218,2.64,-1.76,-0.012,4.48
2022-07-20,0.672,0.671,0.677,0.67,4801162,323606674.762,1.04,0.15,0.001,3.73
2022-07-21,0.671,0.674,0.683,0.667,5273135,357827563.552,2.38,0.45,0.003,4.09
2022-07-22,0.675,0.671,0.682,0.665,4679266,315773666.846,2.52,-0.45,-0.003,3.63
2022-07-25,0.667,0.664,0.671,0.661,4352909,289085626.181,1.49,-1.04,-0.007,3.38
2022-07-26,0.663,0.667,0.67,0.658,4661949,309466778.166,1.81,0.45,0.003,3.62
2022-07-27,0.665,0.669,0.673,0.663,4429246,295794923.904,1.5,0.3,0.002,3.44
2022-07-28,0.672,0.672,0.68,0.668,4901406,330524671.068,1.79,0.45,0.003,3.8
2022-07-29,0.673,0.661,0.675,0.66,5334267,355474726.475,2.23,-1.64,-0.011,4.14
2022-08-01,0.659,0.675,0.675,0.651,5250646,350116198.497,3.63,2.12,0.014,4.07
2022-08-02,0.67,0.667,0.674,0.658,4533441,302301067.376,2.37,-1.19,-0.008,3.52
2022-08-03,0.666,0.656,0.675,0.655,4499527,298951822.433,3.0,-1.65,-0.011,3.49
2022-08-04,0.659,0.659,0.664,0.654,3776674,249075666.845,1.52,0.46,0.003,2.93
2022-08-05,0.66,0.674,0.675,0.66,4756551,317957331.159,2.28,2.28,0.015,3.69
2022-08-08,0.67,0.671,0.672,0.664,4032746,269936340.229,1.19,-0.45,-0.003,3.13
2022-08-09,0.67,0.679,0.679,0.667,4314637,291158664.379,1.79,1.19,0.008,3.35
2022-08-10,0.677,0.671,0.679,0.667,4554811,306746272.402,1.77,-1.18,-0.008,3.53
2022-08-11,0.674,0.685,0.685,0.667,4781202,323033579.329,2.68,2.09,0.014,3.71
2022-08-12,0.682,0.675,0.684,0.674,4368340,296016856.261,1.46,-1.46,-0.01,3.39
2022-08-15,0.673,0.68,0.687,0.673,4160195,283513197.999,2.07,0.74,0.005,3.23
2022-08-16,0.68,0.68,0.689,0.677,4298606,293504201.671,1.76,0.0,0.0,3.34
2022-08-17,0.68,0.688,0.69,0.677,4163907,284629045.448,1.91,1.18,0.008,3.23
2022-08-18,0.687,0.693,0.696,0.686,4155847,287790615.512,1.45,0.73,0.005,3.22
2022-08-19,0.694,0.68,0.696,0.678,4310209,295450652.902,2.6,-1.88,-0.013,3.34
2022-08-22,0.678,0.684,0.686,0.672,3854735,262571958.395,2.06,0.59,0.004,2.99
2022-08-23,0.683,0.687,0.693,0.683,3840316,264208396.743,1.46,0.44,0.003,2.98
2022-08-24,0.689,0.663,0.692,0.66,5143519,346412115.323,4.66,-3.49,-0.024,3.99
2022-08-25,0.661,0.654,0.665,0.647,4676753,305380950.814,2.71,-1.36,-0.009,3.63
2022-08-26,0.655,0.649,0.658,0.648,3913640,255797519.359,1.53,-0.76,-0.005,3.04
2022-08-29,0.643,0.648,0.652,0.638,4525801,292835027.202,2.16,-0.15,-0.001,3.51
2022-08-30,0.648,0.647,0.651,0.642,4020620,259620183.101,1.39,-0.15,-0.001,3.12
2022-08-31,0.645,0.633,0.647,0.63,4569484,291158697.998,2.63,-2.16,-0.014,3.55
2022-09-01,0.634,0.63,0.64,0.628,4113626,260952567.95,1.9,-0.47,-0.003,3.19
2022-09-02,0.63,0.627,0.634,0.625,4078279,256463195.952,1.43,-0.48,-0.003,3.16
2022-09-05,0.627,0.629,0.635,0.626,4129760,259917050.491,1.44,0.32,0.002,3.2
2022-09-06,0.63,0.633,0.633,0.62,4076298,255154815.16,2.07,0.64,0.004,3.16
2022-09-07,0.63,0.641,0.648,0.628,4140356,265300392.639,3.16,1.26,0.008,3.21
2022-09-08,0.641,0.63,0.642,0.63,3795001,241038252.703,1.87,-1.72,-0.011,2.94
2022-09-09,0.63,0.633,0.635,0.627,3944583,248954307.867,1.27,0.48,0.003,3.06
2022-09-13,0.636,0.633,0.639,0.629,3318824,210148471.773,1.58,0.0,0.0,2.58
2022-09-14,0.627,0.625,0.63,0.62,3806558,237782271.463,1.58,-1.26,-0.008,2.95
2022-09-15,0.625,0.604,0.627,0.601,5046278,308743648.352,4.16,-3.36,-0.021,3.92
2022-09-16,0.603,0.6,0.61,0.6,4074214,246713641.917,1.66,-0.66,-0.004,3.16
2022-09-19,0.6,0.595,0.605,0.592,4298947,257179946.183,2.17,-0.83,-0.005,3.34
2022-09-20,0.598,0.6,0.607,0.595,3902970,234471049.35,2.02,0.84,0.005,3.03
2022-09-21,0.597,0.59,0.598,0.587,4506786,266273235.529,1.83,-1.67,-0.01,3.5
2022-09-22,0.586,0.587,0.594,0.582,3505896,206331761.863,2.03,-0.51,-0.003,2.72
2022-09-23,0.587,0.583,0.592,0.578,4169771,243428081.617,2.39,-0.68,-0.004,3.24
2022-09-26,0.581,0.588,0.595,0.58,4239998,249734941.874,2.57,0.86,0.005,3.29
2022-09-27,0.589,0.599,0.599,0.586,5702444,337382957.032,2.21,1.87,0.011,4.43
2022-09-28,0.597,0.583,0.597,0.583,3950944,232177455.635,2.34,-2.67,-0.016,3.07
2022-09-29,0.587,0.588,0.595,0.583,3650047,215303292.008,2.06,0.86,0.005,2.83
2022-09-30,0.586,0.577,0.59,0.577,4150474,242236522.485,2.21,-1.87,-0.011,3.22
2022-10-10,0.577,0.561,0.579,0.559,4456728,253205486.605,3.47,-2.77,-0.016,3.46
2022-10-11,0.562,0.563,0.567,0.56,4140861,233365159.605,1.25,0.36,0.002,3.21
2022-10-12,0.562,0.59,0.59,0.556,5241538,297061918.262,6.04,4.8,0.027,4.07
2022-10-13,0.588,0.591,0.597,0.583,3909313,231558625.198,2.37,0.17,0.001,3.03
2022-10-14,0.596,0.612,0.619,0.593,5204514,315110362.95,4.4,3.55,0.021,4.04
2022-10-17,0.61,0.614,0.62,0.608,3155500,193415401.193,1.96,0.33,0.002,2.45
2022-10-18,0.619,0.617,0.624,0.612,2846722,175862098.461,1.95,0.49,0.003,2.21
2022-10-19,0.615,0.614,0.623,0.614,2769921,171208910.666,1.46,-0.49,-0.003,2.15
2022-10-20,0.611,0.613,0.622,0.6,3838865,233939057.798,3.58,-0.16,-0.001,2.98
2022-10-21,0.611,0.611,0.615,0.605,3032090,185053933.534,1.63,-0.33,-0.002,2.35
2022-10-24,0.611,0.604,0.619,0.598,3670124,223532389.411,3.44,-1.15,-0.007,2.85
2022-10-25,0.602,0.602,0.609,0.594,3502492,210512846.728,2.48,-0.33,-0.002,2.72
2022-10-26,0.603,0.622,0.626,0.601,3949870,243339389.845,4.15,3.32,0.02,3.07
2022-10-27,0.625,0.619,0.628,0.616,3218758,200580598.846,1.93,-0.48,-0.003,2.5
2022-10-28,0.616,0.606,0.621,0.601,3137126,192248794.853,3.23,-2.1,-0.013,2.43
2022-10-31,0.6,0.608,0.618,0.599,2863294,174512471.158,3.14,0.33,0.002,2.22
2022-11-01,0.609,0.625,0.625,0.605,3105675,190919174.841,3.29,2.8,0.017,2.41
2022-11-02,0.623,0.635,0.639,0.62,3107256,195973304.999,3.04,1.6,0.01,2.41
2022-11-03,0.631,0.636,0.64,0.629,2913430,185141621.68,1.73,0.16,0.001,2.26
2022-11-04,0.636,0.652,0.657,0.636,4877837,316825995.859,3.3,2.52,0.016,3.79
2022-11-07,0.652,0.652,0.659,0.648,2316995,151316421.371,1.69,0.0,0.0,1.8
2022-11-08,0.651,0.644,0.653,0.638,3101317,199572588.272,2.3,-1.23,-0.008,2.41
2022-11-09,0.644,0.636,0.645,0.636,2934338,187449175.503,1.4,-1.24,-0.008,2.28
2022-11-10,0.634,0.623,0.637,0.62,3005168,188583819.666,2.67,-2.04,-0.013,2.33
2022-11-11,0.641,0.633,0.645,0.632,3743732,238813167.543,2.09,1.61,0.01,2.91
2022-11-14,0.633,0.628,0.636,0.624,3129550,197348155.774,1.9,-0.79,-0.005,2.43
2022-11-15,0.625,0.642,0.643,0.624,2804138,177388031.027,3.03,2.23,0.014,2.18
2022-11-16,0.64,0.636,0.644,0.635,2160731,138001912.209,1.4,-0.93,-0.006,1.68
2022-11-17,0.633,0.631,0.633,0.621,2517993,157581521.266,1.89,-0.79,-0.005,1.95
2022-11-18,0.631,0.63,0.64,0.63,2366053,150482963.862,1.58,-0.16,-0.001,1.84
2022-11-21,0.628,0.632,0.633,0.626,2081965,131053426.805,1.11,0.32,0.002,1.62
2022-11-22,0.631,0.621,0.631,0.619,2221195,138838112.176,1.9,-1.74,-0.011,1.72
2022-11-23,0.62,0.621,0.624,0.609,2117967,130560674.351,2.42,0.0,0.0,1.64
2022-11-24,0.623,0.617,0.624,0.617,1541793,95622011.618,1.13,-0.64,-0.004,1.2
2022-11-25,0.617,0.61,0.617,0.61,1866593,114316576.742,1.13,-1.13,-0.007,1.45
2022-11-28,0.603,0.607,0.609,0.6,1818483,109910415.495,1.48,-0.49,-0.003,1.41
2022-11-29,0.608,0.612,0.615,0.605,2323955,141705723.698,1.65,0.82,0.005,1.8
2022-11-30,0.613,0.611,0.613,0.608,1844773,112628199.704,0.82,-0.16,-0.001,1.43
2022-12-01,0.618,0.619,0.623,0.617,2057522,127662726.305,0.98,1.31,0.008,1.6
2022-12-02,0.618,0.619,0.627,0.616,1711731,106535763.316,1.78,0.0,0.0,1.33
2022-12-05,0.62,0.616,0.622,0.612,2728168,167833044.465,1.62,-0.48,-0.003,2.12
2022-12-06,0.614,0.616,0.623,0.612,1948540,120153784.498,1.79,0.0,0.0,1.51
2022-12-07,0.614,0.617,0.622,0.613,1924967,118939538.283,1.46,0.16,0.001,1.49
2022-12-08,0.617,0.618,0.62,0.614,1642899,101466618.757,0.97,0.16,0.001,1.27
2022-12-09,0.617,0.616,0.619,0.612,2014742,123822234.174,1.13,-0.32,-0.002,1.56
2022-12-12,0.614,0.614,0.619,0.612,1439227,88602368.754,1.14,-0.32,-0.002,1.12
2022-12-13,0.615,0.607,0.615,0.607,1501047,91674752.342,1.3,-1.14,-0.007,1.16
2022-12-14,0.61,0.604,0.613,0.602,1848931,112048057.662,1.81,-0.49,-0.003,1.43
2022-12-15,0.603,0.611,0.612,0.603,1824884,110823408.871,1.49,1.16,0.007,1.42
2022-12-16,0.607,0.604,0.61,0.603,1419565,85984268.442,1.15,-1.15,-0.007,1.1
2022-12-19,0.605,0.597,0.609,0.596,1517707,91489508.486,2.15,-1.16,-0.007,1.18
2022-12-20,0.596,0.592,0.598,0.591,4128315,245348131.632,1.17,-0.84,-0.005,3.2
2022-12-21,0.593,0.588,0.594,0.585,1658579,97788628.003,1.52,-0.68,-0.004,1.29
2022-12-22,0.589,0.583,0.592,0.582,1437403,84504535.415,1.7,-0.85,-0.005,1.12
2022-12-23,0.579,0.579,0.584,0.576,1605826,93184211.272,1.37,-0.69,-0.004,1.25
2022-12-26,0.581,0.596,0.596,0.58,1566909,92564622.729,2.76,2.94,0.017,1.22
2022-12-27,0.596,0.602,0.603,0.593,1311846,78422880.101,1.68,1.01,0.006,1.02
2022-12-28,0.6,0.597,0.602,0.595,1304547,78042509.746,1.16,-0.83,-0.005,1.01
2022-12-29,0.595,0.602,0.608,0.595,1816499,109515029.511,2.18,0.84,0.005,1.41
2022-12-30,0.604,0.601,0.608,0.601,1386660,83704446.597,1.16,-0.17,-0.001,1.08
2023-01-03,0.602,0.608,0.609,0.595,3128633,188872239.547,2.33,1.16,0.007,2.43
2023-01-04,0.605,0.6,0.607,0.596,3207031,192967309.479,1.81,-1.32,-0.008,2.49
2023-01-05,0.6,0.612,0.615,0.6,2660230,161995984.029,2.5,2.0,0.012,2.06
2023-01-06,0.611,0.619,0.625,0.61,2045991,126632010.2,2.45,1.14,0.007,1.59
2023-01-09,0.621,0.623,0.626,0.618,1759086,109503889.885,1.29,0.65,0.004,1.37
2023-01-10,0.623,0.628,0.63,0.62,1829082,114350706.074,1.61,0.8,0.005,1.42
2023-01-11,0.627,0.619,0.629,0.618,1656590,103418805.606,1.75,-1.43,-0.009,1.29
2023-01-12,0.62,0.621,0.626,0.619,1122903,69877877.86,1.13,0.32,0.002,0.87
2023-01-13,0.623,0.625,0.625,0.619,1211464,75404691.482,0.97,0.64,0.004,0.94
2023-01-16,0.624,0.637,0.644,0.624,2277675,144850243.164,3.2,1.92,0.012,1.77
2023-01-17,0.637,0.642,0.645,0.637,1216351,78087906.067,1.26,0.78,0.005,0.94
2023-01-18,0.643,0.641,0.645,0.639,981867,63053966.263,0.93,-0.16,-0.001,0.76
2023-01-19,0.64,0.651,0.651,0.639,1594995,103062086.987,1.87,1.56,0.01,1.24
2023-01-20,0.652,0.656,0.657,0.651,1287011,84294074.103,0.92,0.77,0.005,1.0
2023-01-30,0.674,0.663,0.675,0.662,2078097,138626592.889,1.98,1.07,0.007,1.61
2023-01-31,0.663,0.651,0.663,0.65,2080664,136396572.801,1.96,-1.81,-0.012,1.61
2023-02-01,0.653,0.658,0.658,0.647,1908782,124626943.687,1.69,1.08,0.007,1.48
2023-02-02,0.66,0.657,0.664,0.654,1566465,103225367.273,1.52,-0.15,-0.001,1.22
2023-02-03,0.653,0.653,0.657,0.645,1619555,105328006.753,1.83,-0.61,-0.004,1.26
2023-02-06,0.646,0.642,0.65,0.639,1560987,100424131.174,1.68,-1.68,-0.011,1.21
2023-02-07,0.642,0.638,0.645,0.635,1542189,98618968.959,1.56,-0.62,-0.004,1.2
2023-02-08,0.64,0.638,0.643,0.636,1587080,101541967.514,1.1,0.0,0.0,1.23
2023-02-09,0.636,0.649,0.65,0.633,1855969,119179360.637,2.66,1.72,0.011,1.44
2023-02-10,0.649,0.641,0.649,0.637,1549822,99571360.248,1.85,-1.23,-0.008,1.2
2023-02-13,0.64,0.644,0.646,0.639,1416652,90985760.586,1.09,0.47,0.003,1.1
2023-02-14,0.644,0.64,0.646,0.638,1390437,89112565.771,1.24,-0.62,-0.004,1.08
2023-02-15,0.64,0.639,0.643,0.636,1147831,73318824.094,1.09,-0.16,-0.001,0.89
2023-02-16,0.639,0.628,0.643,0.626,2060405,131043283.332,2.66,-1.72,-0.011,1.6
2023-02-17,0.627,0.614,0.63,0.614,2264533,140796045.372,2.55,-2.23,-0.014,1.76
2023-02-20,0.614,0.62,0.621,0.609,1685854,103573515.653,1.95,0.98,0.006,1.31
2023-02-21,0.62,0.616,0.621,0.613,1956266,120756419.228,1.29,-0.65,-0.004,1.52
2023-02-22,0.613,0.613,0.617,0.611,1539071,94437523.791,0.97,-0.49,-0.003,1.19
2023-02-23,0.613,0.616,0.618,0.612,2095665,128821638.057,0.98,0.49,0.003,1.63
2023-02-24,0.616,0.611,0.617,0.609,1563378,95668378.242,1.3,-0.81,-0.005,1.21
2023-02-27,0.608,0.607,0.614,0.605,2127986,129219676.682,1.47,-0.65,-0.004,1.65
2023-02-28,0.608,0.609,0.612,0.606,1474955,89808811.426,0.99,0.33,0.002,1.14
2023-03-01,0.61,0.614,0.615,0.606,1732258,105923413.104,1.48,0.82,0.005,1.34
2023-03-02,0.614,0.609,0.615,0.608,1725828,105568272.453,1.14,-0.81,-0.005,1.34
2023-03-03,0.612,0.612,0.614,0.607,1828206,111843024.252,1.15,0.49,0.003,1.42
2023-03-06,0.613,0.616,0.617,0.605,2299784,140494430.015,1.96,0.65,0.004,1.78
2023-03-07,0.614,0.606,0.616,0.606,1848234,113047145.965,1.62,-1.62,-0.01,1.43
2023-03-08,0.605,0.605,0.608,0.602,1657009,100163819.589,0.99,-0.17,-0.001,1.29
2023-03-09,0.606,0.606,0.608,0.603,1389802,84245309.026,0.83,0.17,0.001,1.08
2023-03-10,0.604,0.605,0.61,0.6,2049955,124053775.195,1.65,-0.17,-0.001,1.59
2023-03-13,0.604,0.602,0.606,0.6,2003277,120692719.717,0.99,-0.5,-0.003,1.55
2023-03-14,0.602,0.605,0.606,0.593,2240130,134372742.951,2.16,0.5,0.003,1.74
2023-03-15,0.606,0.602,0.611,0.601,2869460,174008503.789,1.65,-0.5,-0.003,2.23
2023-03-16,0.599,0.592,0.601,0.59,3353065,199727574.518,1.83,-1.66,-0.01,2.6
2023-03-17,0.595,0.593,0.598,0.589,2735395,162387109.957,1.52,0.17,0.001,2.12
2023-03-20,0.593,0.595,0.601,0.589,2323083,138425479.743,2.02,0.34,0.002,1.8
2023-03-21,0.595,0.601,0.602,0.595,2327399,139271088.715,1.18,1.01,0.006,1.81
2023-03-22,0.603,0.604,0.606,0.601,1724308,104082675.897,0.83,0.5,0.003,1.34
2023-03-23,0.603,0.609,0.609,0.601,1904368,115296862.951,1.32,0.83,0.005,1.48
2023-03-24,0.609,0.608,0.61,0.605,1650752,100327247.53,0.82,-0.16,-0.001,1.28
2023-03-27,0.608,0.608,0.611,0.604,2146355,130542023.627,1.15,0.0,0.0,1.67
2023-03-28,0.608,0.603,0.611,0.601,1555021,94183815.103,1.64,-0.82,-0.005,1.21
2023-03-29,0.603,0.609,0.613,0.602,2253531,136913106.385,1.82,1.0,0.006,1.75
2023-03-30,0.609,0.611,0.612,0.606,1711000,104312876.262,0.99,0.33,0.002,1.33
2023-03-31,0.612,0.615,0.615,0.609,1692240,103633191.063,0.98,0.65,0.004,1.31
2023-04-03,0.615,0.624,0.625,0.615,3231170,200313147.578,1.63,1.46,0.009,2.51
2023-04-04,0.624,0.624,0.626,0.618,2629316,163546769.236,1.28,0.0,0.0,2.04
2023-04-06,0.622,0.629,0.631,0.62,2142481,134387667.377,1.76,0.8,0.005,1.66
2023-04-07,0.628,0.634,0.635,0.628,4362820,276231784.347,1.11,0.79,0.005,3.39
2023-04-10,0.636,0.628,0.638,0.627,2300416,145498766.108,1.74,-0.95,-0.006,1.79
2023-04-11,0.626,0.625,0.632,0.622,1950195,122320979.744,1.59,-0.48,-0.003,1.51
2023-04-12,0.625,0.623,0.627,0.621,1417581,88400533.272,0.96,-0.32,-0.002,1.1
2023-04-13,0.622,0.615,0.623,0.615,1502964,93083340.889,1.28,-1.28,-0.008,1.17
2023-04-14,0.617,0.627,0.628,0.617,2039230,126938997.974,1.79,1.95,0.012,1.58
2023-04-17,0.627,0.63,0.634,0.627,1702394,107336490.043,1.12,0.48,0.003,1.32
2023-04-18,0.627,0.626,0.631,0.622,1178558,73734167.076,1.43,-0.63,-0.004,0.91
2023-04-19,0.626,0.623,0.627,0.622,1119352,69907226.791,0.8,-0.48,-0.003,0.87
2023-04-20,0.623,0.621,0.626,0.618,1235012,76730735.924,1.28,-0.32,-0.002,0.96
2023-04-21,0.621,0.607,0.624,0.606,1785005,109745872.734,2.9,-2.25,-0.014,1.39
2023-04-24,0.607,0.597,0.608,0.593,2087227,125070921.988,2.47,-1.65,-0.01,1.62
2023-04-25,0.598,0.585,0.599,0.58,2298414,135024877.803,3.18,-2.01,-0.012,1.78
2023-04-26,0.584,0.592,0.595,0.582,1362289,80199022.81,2.22,1.2,0.007,1.06
2023-04-27,0.59,0.593,0.595,0.589,1001141,59270533.668,1.01,0.17,0.001,0.78
2023-04-28,0.594,0.599,0.599,0.593,1348781,80268415.883,1.01,1.01,0.006,1.05
2023-05-04,0.597,0.589,0.598,0.587,1397770,82624804.289,1.84,-1.67,-0.01,1.08
2023-05-05,0.589,0.581,0.59,0.58,1569058,91510868.588,1.7,-1.36,-0.008,1.22
2023-05-08,0.583,0.584,0.585,0.579,1417872,82549422.533,1.03,0.52,0.003,1.1
2023-05-09,0.584,0.575,0.585,0.574,1984375,114900642.992,1.88,-1.54,-0.009,1.54
2023-05-10,0.575,0.58,0.58,0.569,1583849,90821356.054,1.91,0.87,0.005,1.23
2023-05-11,0.579,0.581,0.585,0.578,1076712,62551601.213,1.21,0.17,0.001,0.84
2023-05-12,0.581,0.575,0.584,0.573,1292370,74721923.968,1.89,-1.03,-0.006,1.0
2023-05-15,0.574,0.584,0.585,0.573,1346753,78100320.178,2.09,1.57,0.009,1.05
2023-05-16,0.586,0.586,0.588,0.583,1124047,65831027.52,0.86,0.34,0.002,0.87
2023-05-17,0.586,0.585,0.589,0.583,1105009,64661409.178,1.02,-0.17,-0.001,0.86
2023-05-18,0.585,0.581,0.586,0.579,1173233,68312771.581,1.2,-0.68,-0.004,0.91
2023-05-19,0.582,0.584,0.587,0.581,1020508,59630383.504,1.03,0.52,0.003,0.79
2023-05-22,0.584,0.583,0.587,0.58,975796,56893297.569,1.2,-0.17,-0.001,0.76
2023-05-23,0.583,0.576,0.584,0.576,1058537,61423006.714,1.37,-1.2,-0.007,0.82
2023-05-24,0.576,0.576,0.581,0.573,1175316,67756298.654,1.39,0.0,0.0,0.91
2023-05-25,0.575,0.578,0.58,0.573,2025239,116805799.54,1.22,0.35,0.002,1.57
2023-05-26,0.578,0.576,0.579,0.573,1958974,112923635.557,1.04,-0.35,-0.002,1.52
2023-05-29,0.578,0.571,0.579,0.568,1409924,80560793.376,1.91,-0.87,-0.005,1.09
2023-05-30,0.569,0.574,0.575,0.566,1088831,62125788.15,1.58,0.53,0.003,0.84
2023-05-31,0.574,0.572,0.575,0.569,999941,57176327.723,1.05,-0.35,-0.002,0.78
2023-06-01,0.572,0.575,0.579,0.57,1273609,73324973.722,1.57,0.52,0.003,0.99
2023-06-02,0.576,0.577,0.58,0.573,941822,54339746.524,1.22,0.35,0.002,0.73
2023-06-05,0.577,0.572,0.58,0.57,1092702,62652132.536,1.73,-0.87,-0.005,0.85
2023-06-06,0.571,0.562,0.572,0.559,3488890,197059529.694,2.27,-1.75,-0.01,2.71
2023-06-07,0.562,0.552,0.562,0.55,3021602,167200374.078,2.14,-1.78,-0.01,2.34
2023-06-08,0.551,0.547,0.553,0.545,1556521,85388698.66,1.45,-0.91,-0.005,1.21
2023-06-09,0.548,0.553,0.553,0.545,1283698,70373358.682,1.46,1.1,0.006,1.0
2023-06-12,0.551,0.556,0.558,0.55,1957285,108688589.988,1.45,0.54,0.003,1.52
2023-06-13,0.555,0.559,0.561,0.554,897291,50030412.603,1.26,0.54,0.003,0.7
2023-06-14,0.56,0.557,0.561,0.556,734662,41047246.005,0.89,-0.36,-0.002,0.57
2023-06-15,0.559,0.571,0.573,0.557,2722628,154441885.609,2.87,2.51,0.014,2.11
2023-06-16,0.571,0.58,0.582,0.57,1684978,97176518.258,2.1,1.58,0.009,1.31
2023-06-19,0.58,0.58,0.581,0.577,1277040,73906000.075,0.69,0.0,0.0,0.99
2023-06-20,0.577,0.578,0.58,0.575,964798,55747632.475,0.86,-0.34,-0.002,0.75
2023-06-21,0.576,0.564,0.578,0.563,1248640,71126296.809,2.6,-2.42,-0.014,0.97
2023-06-26,0.561,0.562,0.57,0.558,1291420,72693138.038,2.13,-0.35,-0.002,1.0
2023-06-27,0.562,0.564,0.567,0.56,2130947,119903325.004,1.25,0.36,0.002,1.65
2023-06-28,0.564,0.561,0.564,0.555,2439191,136623069.976,1.6,-0.53,-0.003,1.89
2023-06-29,0.56,0.561,0.565,0.559,726414,40780360.136,1.07,0.0,0.0,0.56
2023-06-30,0.558,0.57,0.57,0.557,1870746,106048296.277,2.32,1.6,0.009,1.45
2023-07-03,0.569,0.571,0.575,0.566,837727,47779631.273,1.58,0.18,0.001,0.65
2023-07-04,0.571,0.572,0.576,0.568,638591,36521978.405,1.4,0.18,0.001,0.5
2023-07-05,0.573,0.572,0.578,0.57,669907,38441756.408,1.4,0.0,0.0,0.52
2023-07-06,0.57,0.565,0.572,0.564,781504,44334169.19,1.4,-1.22,-0.007,0.61
2023-07-07,0.563,0.559,0.564,0.558,947584,53083865.941,1.06,-1.06,-0.006,0.74
2023-07-10,0.56,0.565,0.569,0.559,794329,44882351.0,1.79,1.07,0.006,0.62
2023-07-11,0.565,0.568,0.569,0.563,523247,29619568.549,1.06,0.53,0.003,0.41
2023-07-12,0.568,0.565,0.569,0.563,778906,44072526.032,1.06,-0.53,-0.003,0.6
2023-07-13,0.566,0.57,0.571,0.565,806919,45943531.68,1.06,0.88,0.005,0.63
2023-07-14,0.57,0.568,0.572,0.567,636299,36211020.214,0.88,-0.35,-0.002,0.49
2023-07-17,0.568,0.563,0.568,0.562,798882,44984098.96,1.06,-0.88,-0.005,0.62
2023-07-18,0.563,0.563,0.565,0.561,501796,28233819.558,0.71,0.0,0.0,0.39
2023-07-19,0.563,0.558,0.565,0.556,1123880,62760754.668,1.6,-0.89,-0.005,0.87
2023-07-20,0.559,0.552,0.562,0.551,1099661,61084518.274,1.97,-1.08,-0.006,0.85
2023-07-21,0.553,0.55,0.555,0.549,1379088,75983176.284,1.09,-0.36,-0.002,1.07
2023-07-24,0.55,0.546,0.552,0.546,2035691,111418731.497,1.09,-0.73,-0.004,1.58
2023-07-25,0.551,0.555,0.556,0.55,1785115,98875363.086,1.1,1.65,0.009,1.39
2023-07-26,0.555,0.556,0.558,0.552,1270468,70694665.05,1.08,0.18,0.001,0.99
2023-07-27,0.556,0.554,0.56,0.553,1428750,79454933.04,1.26,-0.36,-0.002,1.11
2023-07-28,0.553,0.56,0.561,0.551,1589146,88519091.572,1.81,1.08,0.006,1.23
2023-07-31,0.562,0.564,0.568,0.561,1476187,83406812.104,1.25,0.71,0.004,1.15
2023-08-01,0.562,0.561,0.566,0.559,828320,46582398.603,1.24,-0.53,-0.003,0.64
2023-08-02,0.56,0.561,0.563,0.559,776453,43554341.316,0.71,0.0,0.0,0.6
2023-08-03,0.56,0.565,0.565,0.559,865172,48725607.228,1.07,0.71,0.004,0.67
2023-08-04,0.567,0.568,0.571,0.564,1294010,73545882.865,1.24,0.53,0.003,1.0
2023-08-07,0.568,0.561,0.569,0.56,1468781,82580966.246,1.58,-1.23,-0.007,1.14
2023-08-08,0.562,0.56,0.564,0.56,1030726,57937651.865,0.71,-0.18,-0.001,0.8
2023-08-09,0.56,0.561,0.564,0.559,961349,53907231.644,0.89,0.18,0.001,0.75
2023-08-10,0.561,0.563,0.564,0.559,651937,36606555.462,0.89,0.36,0.002,0.51
2023-08-11,0.562,0.552,0.563,0.551,1422390,79084645.917,2.13,-1.95,-0.011,1.1
2023-08-14,0.551,0.547,0.551,0.54,1579560,86021849.202,1.99,-0.91,-0.005,1.23
2023-08-15,0.546,0.538,0.548,0.535,2788360,150427967.798,2.38,-1.65,-0.009,2.16
2023-08-16,0.536,0.533,0.543,0.533,1254025,67374979.08,1.86,-0.93,-0.005,0.97
2023-08-17,0.532,0.538,0.538,0.53,2000820,107092431.209,1.5,0.94,0.005,1.55
2023-08-18,0.538,0.533,0.54,0.532,1043193,55937935.767,1.49,-0.93,-0.005,0.81
2023-08-21,0.53,0.527,0.532,0.524,1576517,83201139.452,1.5,-1.13,-0.006,1.22
2023-08-22,0.526,0.525,0.528,0.513,2142636,111432263.437,2.85,-0.38,-0.002,1.66
2023-08-23,0.523,0.513,0.524,0.512,1281413,66341271.45,2.29,-2.29,-0.012,0.99
2023-08-24,0.514,0.518,0.522,0.513,1260465,65301954.454,1.75,0.97,0.005,0.98
2023-08-25,0.516,0.513,0.516,0.509,1519275,77834884.509,1.35,-0.97,-0.005,1.18
2023-08-28,0.541,0.516,0.545,0.514,2550474,134542611.956,6.04,0.58,0.003,1.98
2023-08-29,0.515,0.533,0.535,0.514,2540415,134024789.579,4.07,3.29,0.017,1.97
2023-08-30,0.535,0.538,0.545,0.535,2206299,119075587.171,1.88,0.94,0.005,1.71
2023-08-31,0.536,0.536,0.541,0.534,1199409,64449290.009,1.3,-0.37,-0.002,0.93
2023-09-01,0.537,0.534,0.54,0.532,917039,49023188.255,1.49,-0.37,-0.002,0.71
2023-09-04,0.536,0.54,0.54,0.531,1152195,61720111.579,1.69,1.12,0.006,0.89
2023-09-05,0.539,0.536,0.541,0.536,1050370,56561751.768,0.93,-0.74,-0.004,0.82
2023-09-06,0.535,0.535,0.536,0.531,1001828,53482605.264,0.93,-0.19,-0.001,0.78
2023-09-07,0.533,0.52,0.534,0.519,1537492,80779294.318,2.8,-2.8,-0.015,1.19
2023-09-08,0.517,0.518,0.52,0.515,947119,49022384.158,0.96,-0.38,-0.002,0.73
2023-09-11,0.519,0.522,0.525,0.516,1069399,55663452.576,1.74,0.77,0.004,0.83
2023-09-12,0.521,0.519,0.522,0.518,823589,42776918.425,0.77,-0.57,-0.003,0.64
2023-09-13,0.518,0.511,0.519,0.509,1650689,84591187.256,1.93,-1.54,-0.008,1.28
2023-09-14,0.511,0.507,0.512,0.506,1248542,63476974.722,1.17,-0.78,-0.004,0.97
2023-09-15,0.508,0.507,0.514,0.504,2443966,124416692.132,1.97,0.0,0.0,1.9
2023-09-18,0.506,0.508,0.513,0.505,2180919,111017997.557,1.58,0.2,0.001,1.69
2023-09-19,0.507,0.505,0.508,0.503,1114593,56265065.672,0.98,-0.59,-0.003,0.86
2023-09-20,0.505,0.501,0.505,0.5,1992596,100121268.565,0.99,-0.79,-0.004,1.55
2023-09-21,0.5,0.497,0.502,0.497,1135748,56664458.416,1.0,-0.8,-0.004,0.88
2023-09-22,0.496,0.508,0.509,0.496,1526204,76901587.57,2.62,2.21,0.011,1.18
2023-09-25,0.506,0.506,0.509,0.505,1123543,56950213.594,0.79,-0.39,-0.002,0.87
2023-09-26,0.506,0.505,0.51,0.505,952715,48250368.771,0.99,-0.2,-0.001,0.74
2023-09-27,0.505,0.508,0.514,0.505,1182490,60202847.763,1.78,0.59,0.003,0.92
2023-09-28,0.509,0.51,0.512,0.506,1124085,57149823.565,1.18,0.39,0.002,0.87
2023-10-09,0.509,0.512,0.515,0.506,2087519,106888587.243,1.76,0.39,0.002,1.62
2023-10-10,0.512,0.508,0.516,0.508,823627,42116615.82,1.56,-0.78,-0.004,0.64
2023-10-11,0.509,0.515,0.518,0.509,1364236,70274326.455,1.77,1.38,0.007,1.06
2023-10-12,0.517,0.52,0.521,0.515,1815189,94156058.342,1.17,0.97,0.005,1.41
2023-10-13,0.517,0.514,0.518,0.511,926567,47615427.74,1.35,-1.15,-0.006,0.72
2023-10-16,0.515,0.504,0.515,0.501,1351849,68401833.707,2.72,-1.95,-0.01,1.05
2023-10-17,0.504,0.506,0.508,0.501,1928209,97326306.875,1.39,0.4,0.002,1.5
2023-10-18,0.504,0.498,0.505,0.497,1201961,60017169.535,1.58,-1.58,-0.008,0.93
2023-10-19,0.496,0.495,0.5,0.494,1272982,63203185.89,1.2,-0.6,-0.003,0.99
2023-10-20,0.494,0.489,0.495,0.488,2358013,115714569.76,1.41,-1.21,-0.006,1.83
2023-10-23,0.488,0.481,0.489,0.478,2451566,117948814.664,2.25,-1.64,-0.008,1.9
2023-10-24,0.483,0.483,0.487,0.479,1218025,58831953.037,1.66,0.42,0.002,0.95
2023-10-25,0.486,0.48,0.489,0.479,1378591,66698388.487,2.07,-0.62,-0.003,1.07
2023-10-26,0.477,0.48,0.48,0.47,1419233,67337589.537,2.08,0.0,0.0,1.1
2023-10-27,0.478,0.491,0.494,0.475,2796367,136559239.605,3.96,2.29,0.011,2.17
2023-10-30,0.489,0.507,0.509,0.489,2717609,136488847.879,4.07,3.26,0.016,2.11
2023-10-31,0.507,0.504,0.508,0.5,1172262,58951539.751,1.58,-0.59,-0.003,0.91
2023-11-01,0.504,0.501,0.504,0.498,898875,45046318.679,1.19,-0.6,-0.003,0.7
2023-11-02,0.5,0.498,0.505,0.497,1087041,54513490.553,1.6,-0.6,-0.003,0.84
2023-11-03,0.498,0.505,0.507,0.498,2017504,101908619.984,1.81,1.41,0.007,1.57
2023-11-06,0.507,0.52,0.521,0.507,2932481,151668231.678,2.77,2.97,0.015,2.28
2023-11-07,0.52,0.52,0.522,0.516,1030716,53453739.763,1.15,0.0,0.0,0.8
2023-11-08,0.519,0.522,0.526,0.518,1336159,69755422.779,1.54,0.38,0.002,1.04
2023-11-09,0.521,0.521,0.525,0.518,891586,46491314.515,1.34,-0.19,-0.001,0.69
2023-11-10,0.518,0.516,0.519,0.514,1055436,54474786.703,0.96,-0.96,-0.005,0.82
2023-11-13,0.518,0.516,0.52,0.514,2486654,128426352.025,1.16,0.0,0.0,1.93
2023-11-14,0.516,0.518,0.522,0.515,862023,44630346.205,1.36,0.39,0.002,0.67
2023-11-15,0.524,0.519,0.525,0.518,925115,48214225.241,1.35,0.19,0.001,0.72
2023-11-16,0.52,0.51,0.52,0.51,1348637,69157742.433,1.93,-1.73,-0.009,1.05
2023-11-17,0.51,0.512,0.512,0.508,674398,34395316.169,0.78,0.39,0.002,0.52
2023-11-20,0.512,0.514,0.515,0.507,1012332,51768727.568,1.56,0.39,0.002,0.79
2023-11-21,0.515,0.51,0.518,0.51,900437,46292499.109,1.56,-0.78,-0.004,0.7
2023-11-22,0.51,0.502,0.51,0.501,1097279,55427271.189,1.76,-1.57,-0.008,0.85
2023-11-23,0.501,0.504,0.505,0.499,1013318,50854545.279,1.2,0.4,0.002,0.79
2023-11-24,0.504,0.498,0.505,0.498,903701,45208238.252,1.39,-1.19,-0.006,0.7
2023-11-27,0.498,0.498,0.499,0.494,777173,38585779.052,1.0,0.0,0.0,0.6
2023-11-28,0.498,0.5,0.501,0.496,667351,33280326.55,1.0,0.4,0.002,0.52
2023-11-29,0.501,0.496,0.501,0.495,693296,34509642.726,1.2,-0.8,-0.004,0.54
2023-11-30,0.496,0.496,0.5,0.494,777421,38620044.674,1.21,0.0,0.0,0.6
2023-12-01,0.496,0.499,0.501,0.492,948623,47063452.599,1.81,0.6,0.003,0.74
2023-12-04,0.499,0.494,0.5,0.493,881625,43787027.36,1.4,-1.0,-0.005,0.68
2023-12-05,0.493,0.485,0.493,0.483,1216763,59561134.852,2.02,-1.82,-0.009,0.94
2023-12-06,0.485,0.485,0.489,0.483,1058968,51470395.974,1.24,0.0,0.0,0.82
2023-12-07,0.485,0.483,0.486,0.479,1062675,51233564.284,1.44,-0.41,-0.002,0.82
2023-12-08,0.483,0.489,0.491,0.481,1389746,67592320.3,2.07,1.24,0.006,1.08
2023-12-11,0.487,0.496,0.498,0.482,1352174,66143181.587,3.27,1.43,0.007,1.05
2023-12-12,0.494,0.493,0.496,0.492,765654,37808522.556,0.81,-0.6,-0.003,0.59
2023-12-13,0.493,0.486,0.494,0.486,863419,42253711.327,1.62,-1.42,-0.007,0.67
2023-12-14,0.489,0.485,0.492,0.483,942680,45954413.929,1.85,-0.21,-0.001,0.73
2023-12-15,0.486,0.48,0.488,0.478,1408047,67855544.614,2.06,-1.03,-0.005,1.09
2023-12-18,0.479,0.474,0.479,0.472,1076358,51174785.883,1.46,-1.25,-0.006,0.84
2023-12-19,0.474,0.477,0.479,0.472,1034091,49084264.381,1.48,0.63,0.003,0.8
2023-12-20,0.477,0.471,0.478,0.471,932353,44260359.442,1.47,-1.26,-0.006,0.72
2023-12-21,0.47,0.48,0.482,0.47,1452822,69183406.856,2.55,1.91,0.009,1.13
2023-12-22,0.478,0.479,0.483,0.475,1167484,55881409.775,1.67,-0.21,-0.001,0.91
2023-12-25,0.477,0.478,0.48,0.475,713933,34052421.663,1.04,-0.21,-0.001,0.55
2023-12-26,0.478,0.472,0.478,0.469,1392267,65683128.94,1.88,-1.26,-0.006,1.08
2023-12-27,0.471,0.473,0.475,0.47,903483,42694123.696,1.06,0.21,0.001,0.7
2023-12-28,0.472,0.489,0.49,0.472,1987903,96110421.414,3.81,3.38,0.016,1.54
2023-12-29,0.489,0.491,0.492,0.488,1122393,55049736.099,0.82,0.41,0.002,0.87
2024-01-02,0.491,0.483,0.492,0.482,1008684,48928371.151,2.04,-1.63,-0.008,0.78
2024-01-03,0.482,0.476,0.483,0.474,1379044,65853142.456,1.86,-1.45,-0.007,1.07
2024-01-04,0.476,0.469,0.477,0.466,1958459,91873391.69,2.31,-1.47,-0.007,1.52
2024-01-05,0.468,0.462,0.472,0.459,1689217,78590047.44,2.77,-1.49,-0.007,1.31
2024-01-08,0.462,0.452,0.462,0.451,1496971,68183436.808,2.38,-2.16,-0.01,1.16
2024-01-09,0.454,0.454,0.46,0.451,1227425,55793857.053,1.99,0.44,0.002,0.95
2024-01-10,0.452,0.45,0.458,0.448,1354571,61215168.584,2.2,-0.88,-0.004,1.05
2024-01-11,0.45,0.457,0.46,0.449,1341074,60979171.647,2.44,1.56,0.007,1.04
2024-01-12,0.456,0.452,0.458,0.451,1405863,63835197.0,1.53,-1.09,-0.005,1.09
2024-01-15,0.451,0.448,0.454,0.446,1153437,51847296.048,1.77,-0.88,-0.004,0.9
2024-01-16,0.448,0.451,0.451,0.444,1179713,52769457.912,1.56,0.67,0.003,0.92
2024-01-17,0.45,0.438,0.451,0.438,1354827,60176392.021,2.88,-2.88,-0.013,1.05
2024-01-18,0.436,0.448,0.449,0.433,1945132,85306679.003,3.65,2.28,0.01,1.51
2024-01-19,0.447,0.447,0.452,0.445,1219684,54723035.036,1.56,-0.22,-0.001,0.95
2024-01-22,0.446,0.438,0.448,0.434,1571700,69666731.994,3.13,-2.01,-0.009,1.22
2024-01-23,0.437,0.442,0.446,0.434,1441363,63639261.653,2.74,0.91,0.004,1.12
2024-01-24,0.445,0.444,0.445,0.43,1934858,84651170.993,3.39,0.45,0.002,1.5
2024-01-25,0.441,0.449,0.45,0.437,2199522,97773840.226,2.93,1.13,0.005,1.71
2024-01-26,0.446,0.439,0.447,0.437,1829075,81009897.397,2.23,-2.23,-0.01,1.42
2024-01-29,0.439,0.423,0.441,0.423,2575366,110707861.862,4.1,-3.64,-0.016,2.0
2024-01-30,0.42,0.41,0.424,0.41,2023599,84305538.394,3.31,-3.07,-0.013,1.57
2024-01-31,0.41,0.408,0.415,0.406,1870784,76856810.624,2.2,-0.49,-0.002,1.45
2024-02-01,0.406,0.413,0.421,0.406,2271968,94123078.262,3.68,1.23,0.005,1.76
2024-02-02,0.415,0.405,0.416,0.394,3060856,123718200.035,5.33,-1.94,-0.008,2.38
2024-02-05,0.402,0.412,0.418,0.388,3369295,136082873.454,7.41,1.73,0.007,2.61
2024-02-06,0.41,0.432,0.433,0.407,2927106,123952386.689,6.31,4.85,0.02,2.27
2024-02-07,0.432,0.439,0.443,0.43,2601631,113998086.076,3.01,1.62,0.007,2.02
2024-02-08,0.441,0.444,0.45,0.44,2041101,90899658.822,2.28,1.14,0.005,1.58
2024-02-19,0.448,0.453,0.454,0.446,2830884,127304818.534,1.8,2.03,0.009,2.2
2024-02-20,0.453,0.452,0.454,0.447,1759874,79233971.52,1.55,-0.22,-0.001,1.37
2024-02-21,0.45,0.454,0.46,0.447,2302288,104795317.467,2.88,0.44,0.002,1.79
2024-02-22,0.452,0.455,0.458,0.452,1248230,56816981.347,1.32,0.22,0.001,0.97
2024-02-23,0.457,0.455,0.458,0.451,1165179,52942427.919,1.54,0.0,0.0,0.9
2024-02-26,0.455,0.454,0.459,0.452,1335367,60816091.15,1.54,-0.22,-0.001,1.04
2024-02-27,0.453,0.468,0.468,0.451,2185896,100642242.143,3.74,3.08,0.014,1.7
2024-02-28,0.468,0.457,0.477,0.457,2092636,98034072.174,4.27,-2.35,-0.011,1.62
2024-02-29,0.456,0.474,0.474,0.455,1984551,92659246.64,4.16,3.72,0.017,1.54
2024-03-01,0.473,0.479,0.481,0.471,1942164,92510199.75,2.11,1.05,0.005,1.51
2024-03-04,0.48,0.482,0.485,0.477,1902163,91695230.641,1.67,0.63,0.003,1.48
2024-03-05,0.478,0.484,0.488,0.477,2141019,103547210.967,2.28,0.41,0.002,1.66
2024-03-06,0.481,0.482,0.489,0.477,1338486,64561268.116,2.48,-0.41,-0.002,1.04
2024-03-07,0.482,0.472,0.485,0.471,2182382,103800951.492,2.9,-2.07,-0.01,1.69
2024-03-08,0.474,0.477,0.479,0.47,1271174,60325531.031,1.91,1.06,0.005,0.99
2024-03-11,0.476,0.494,0.495,0.475,3921847,191488866.942,4.19,3.56,0.017,3.04
2024-03-12,0.495,0.495,0.5,0.492,4808076,238604451.748,1.62,0.2,0.001,3.73
2024-03-13,0.495,0.494,0.499,0.492,2620366,129919798.0,1.41,-0.2,-0.001,2.03
2024-03-14,0.493,0.49,0.498,0.486,2492601,122446101.043,2.43,-0.81,-0.004,1.93
2024-03-15,0.488,0.49,0.49,0.481,1375440,66690238.272,1.84,0.0,0.0,1.07
2024-03-18,0.49,0.5,0.501,0.49,1477822,73496267.619,2.24,2.04,0.01,1.15
2024-03-19,0.499,0.493,0.5,0.493,842722,41847977.2,1.4,-1.4,-0.007,0.65
2024-03-20,0.492,0.493,0.496,0.489,938642,46207558.234,1.42,0.0,0.0,0.73
2024-03-21,0.494,0.489,0.498,0.488,1220159,60059353.529,2.03,-0.81,-0.004,0.95
2024-03-22,0.488,0.482,0.49,0.481,1692981,81995028.064,1.84,-1.43,-0.007,1.31
2024-03-25,0.482,0.476,0.485,0.476,1158718,55737430.341,1.87,-1.24,-0.006,0.9
2024-03-26,0.476,0.475,0.48,0.473,996775,47403804.907,1.47,-0.21,-0.001,0.77
2024-03-27,0.474,0.464,0.475,0.463,1240713,58089287.258,2.53,-2.32,-0.011,0.96
2024-03-28,0.462,0.467,0.472,0.462,1262458,58945175.781,2.16,0.65,0.003,0.98
2024-03-29,0.466,0.469,0.471,0.463,1226768,57153355.905,1.71,0.43,0.002,0.95
2024-04-01,0.47,0.479,0.48,0.47,1671304,79746018.868,2.13,2.13,0.01,1.3
2024-04-02,0.478,0.475,0.479,0.473,830830,39513079.967,1.25,-0.84,-0.004,0.64
2024-04-03,0.474,0.469,0.475,0.468,1072794,50495782.983,1.47,-1.26,-0.006,0.83
2024-04-08,0.468,0.461,0.469,0.461,1117485,51913894.966,1.71,-1.71,-0.008,0.87
2024-04-09,0.462,0.465,0.465,0.458,1068872,49304215.294,1.52,0.87,0.004,0.83
2024-04-10,0.465,0.456,0.465,0.455,1331945,60982819.832,2.15,-1.94,-0.009,1.03
2024-04-11,0.455,0.455,0.46,0.454,2000317,91355503.124,1.32,-0.22,-0.001,1.55
2024-04-12,0.455,0.454,0.459,0.454,950644,43436336.312,1.1,-0.22,-0.001,0.74
2024-04-15,0.455,0.462,0.465,0.454,1254303,57962624.297,2.42,1.76,0.008,0.97
2024-04-16,0.46,0.455,0.462,0.454,1340713,61387296.352,1.73,-1.52,-0.007,1.04
2024-04-17,0.458,0.464,0.464,0.456,1184740,54587922.399,1.76,1.98,0.009,0.92
2024-04-18,0.462,0.461,0.466,0.456,1229188,56742795.924,2.16,-0.65,-0.003,0.95
2024-04-19,0.46,0.45,0.46,0.448,1408296,63708913.374,2.6,-2.39,-0.011,1.09
2024-04-22,0.449,0.449,0.453,0.446,749874,33711313.506,1.56,-0.22,-0.001,0.58
2024-04-23,0.45,0.448,0.453,0.446,1432312,64233239.549,1.56,-0.22,-0.001,1.11
2024-04-24,0.45,0.453,0.454,0.447,805118,36304772.64,1.56,1.12,0.005,0.62
2024-04-25,0.451,0.45,0.455,0.448,1020777,46044496.647,1.55,-0.66,-0.003,0.79
2024-04-26,0.451,0.466,0.466,0.45,1568055,72293033.442,3.56,3.56,0.016,1.22
2024-04-29,0.466,0.481,0.486,0.466,1648853,78943715.383,4.29,3.22,0.015,1.28
2024-04-30,0.482,0.477,0.483,0.475,1002268,47960667.318,1.66,-0.83,-0.004,0.78
2024-05-06,0.485,0.484,0.488,0.483,1487314,72196515.888,1.05,1.47,0.007,1.15
2024-05-07,0.484,0.482,0.486,0.48,926231,44644750.066,1.24,-0.41,-0.002,0.72
2024-05-08,0.481,0.475,0.481,0.474,945889,45077752.146,1.45,-1.45,-0.007,0.73
2024-05-09,0.474,0.482,0.483,0.474,1302089,62654192.043,1.89,1.47,0.007,1.01
2024-05-10,0.483,0.478,0.483,0.474,1073485,51183854.468,1.87,-0.83,-0.004,0.83
2024-05-13,0.474,0.473,0.478,0.47,1008899,47769074.606,1.67,-1.05,-0.005,0.78
2024-05-14,0.474,0.472,0.476,0.47,793731,37471528.794,1.27,-0.21,-0.001,0.62
2024-05-15,0.471,0.467,0.474,0.466,924054,43401310.117,1.69,-1.06,-0.005,0.72
2024-05-16,0.468,0.469,0.472,0.466,973296,45699855.149,1.28,0.43,0.002,0.76
2024-05-17,0.467,0.471,0.471,0.464,1051624,49123773.128,1.49,0.43,0.002,0.82
2024-05-20,0.471,0.472,0.475,0.469,932787,43986548.216,1.27,0.21,0.001,0.72
2024-05-21,0.471,0.468,0.472,0.467,729949,34256468.256,1.06,-0.85,-0.004,0.57
2024-05-22,0.468,0.475,0.476,0.467,1080113,50925689.76,1.92,1.5,0.007,0.84
2024-05-23,0.475,0.469,0.476,0.468,940215,44268609.355,1.68,-1.26,-0.006,0.73
2024-05-24,0.467,0.46,0.472,0.459,1260974,58609101.554,2.77,-1.92,-0.009,0.98
2024-05-27,0.46,0.464,0.464,0.455,875790,40201388.527,1.96,0.87,0.004,0.68
2024-05-28,0.463,0.458,0.465,0.458,571852,26386607.115,1.51,-1.29,-0.006,0.44
2024-05-29,0.458,0.46,0.465,0.458,735116,33968792.312,1.53,0.44,0.002,0.57
2024-05-30,0.46,0.462,0.465,0.459,753840,34849424.577,1.3,0.43,0.002,0.58
2024-05-31,0.464,0.462,0.468,0.461,751302,34883132.039,1.52,0.0,0.0,0.58
2024-06-03,0.461,0.466,0.467,0.46,905215,42064477.106,1.52,0.87,0.004,0.7
2024-06-04,0.465,0.471,0.473,0.465,1328460,62257465.618,1.72,1.07,0.005,1.03
2024-06-05,0.471,0.471,0.476,0.47,1003225,47410191.82,1.27,0.0,0.0,0.78
2024-06-06,0.473,0.468,0.474,0.467,935983,44064792.129,1.49,-0.64,-0.003,0.73
2024-06-07,0.47,0.46,0.47,0.456,1302666,60115307.514,2.99,-1.71,-0.008,1.01
2024-06-11,0.459,0.464,0.465,0.456,851869,39188479.636,1.96,0.87,0.004,0.66
2024-06-12,0.463,0.462,0.466,0.462,3041792,140906907.559,0.86,-0.43,-0.002,2.36
2024-06-13,0.463,0.464,0.469,0.463,1028251,47869739.93,1.3,0.43,0.002,0.8
2024-06-14,0.464,0.465,0.466,0.459,870513,40234510.091,1.51,0.22,0.001,0.68
2024-06-17,0.463,0.469,0.471,0.462,984550,46125845.515,1.94,0.86,0.004,0.76
2024-06-18,0.469,0.47,0.475,0.468,944421,44501558.45,1.49,0.21,0.001,0.73
2024-06-19,0.47,0.466,0.472,0.465,731261,34182503.229,1.49,-0.85,-0.004,0.57
2024-06-20,0.469,0.464,0.469,0.463,909783,42430066.487,1.29,-0.43,-0.002,0.71
2024-06-21,0.464,0.464,0.464,0.458,942153,43411097.562,1.29,0.0,0.0,0.73
2024-06-24,0.462,0.457,0.464,0.455,956489,44026582.969,1.94,-1.51,-0.007,0.74
2024-06-25,0.456,0.444,0.456,0.442,1762205,79019706.443,3.06,-2.84,-0.013,1.37
2024-06-26,0.444,0.452,0.452,0.443,1039377,46504928.761,2.03,1.8,0.008,0.81
2024-06-27,0.45,0.444,0.45,0.444,771141,34381493.906,1.33,-1.77,-0.008,0.6
2024-06-28,0.443,0.442,0.45,0.44,923432,41078836.682,2.25,-0.45,-0.002,0.72
2024-07-01,0.443,0.44,0.443,0.432,982077,42896614.279,2.49,-0.45,-0.002,0.76
2024-07-02,0.44,0.434,0.44,0.433,1085638,47306504.5,1.59,-1.36,-0.006,0.84
2024-07-03,0.434,0.434,0.437,0.43,720010,31215790.081,1.61,0.0,0.0,0.56
2024-07-04,0.435,0.43,0.437,0.43,929728,40264861.361,1.61,-0.92,-0.004,0.72
2024-07-05,0.43,0.433,0.435,0.426,877833,37762936.543,2.09,0.7,0.003,0.68
2024-07-08,0.432,0.428,0.434,0.427,744975,32081764.531,1.62,-1.15,-0.005,0.58
2024-07-09,0.427,0.437,0.439,0.426,1116454,48305857.763,3.04,2.1,0.009,0.87
2024-07-10,0.436,0.437,0.441,0.435,1959326,85879782.481,1.37,0.0,0.0,1.52
2024-07-11,0.442,0.443,0.447,0.439,1043629,46253657.591,1.83,1.37,0.006,0.81
2024-07-12,0.442,0.442,0.444,0.438,957117,42184179.3,1.35,-0.23,-0.001,0.74
2024-07-15,0.441,0.441,0.443,0.438,713887,31441608.797,1.13,-0.23,-0.001,0.55
2024-07-16,0.44,0.451,0.451,0.439,1632478,72926867.655,2.72,2.27,0.01,1.27
2024-07-17,0.45,0.45,0.452,0.447,586951,26410447.024,1.11,-0.22,-0.001,0.46
2024-07-18,0.448,0.455,0.456,0.444,1200484,53929459.659,2.67,1.11,0.005,0.93
2024-07-19,0.452,0.461,0.463,0.452,1294099,59399429.63,2.42,1.32,0.006,1.0
2024-07-22,0.461,0.461,0.464,0.458,820796,37871764.813,1.3,0.0,0.0,0.64
2024-07-23,0.461,0.446,0.461,0.445,1028681,46496920.309,3.47,-3.25,-0.015,0.8
2024-07-24,0.445,0.44,0.449,0.439,942271,41768361.231,2.24,-1.35,-0.006,0.73
2024-07-25,0.439,0.439,0.443,0.437,734639,32281130.994,1.36,-0.23,-0.001,0.57
2024-07-26,0.44,0.443,0.445,0.437,672658,29703734.852,1.82,0.91,0.004,0.52
2024-07-29,0.442,0.436,0.443,0.434,792036,34628050.463,2.03,-1.58,-0.007,0.61
2024-07-30,0.435,0.433,0.435,0.43,719651,31100268.299,1.15,-0.69,-0.003,0.56
2024-07-31,0.433,0.45,0.45,0.431,1432962,63576697.321,4.39,3.93,0.017,1.11
2024-08-01,0.45,0.445,0.452,0.443,905194,40450393.856,2.0,-1.11,-0.005,0.7
2024-08-02,0.442,0.437,0.446,0.436,1108507,48855220.851,2.25,-1.8,-0.008,0.86
2024-08-05,0.436,0.429,0.44,0.428,1223611,52931566.853,2.75,-1.83,-0.008,0.95
2024-08-06,0.432,0.433,0.436,0.428,800896,34575967.339,1.86,0.93,0.004,0.62
2024-08-07,0.433,0.431,0.436,0.43,629695,27259270.217,1.39,-0.46,-0.002,0.49
2024-08-08,0.43,0.43,0.435,0.426,692076,29708948.823,2.09,-0.23,-0.001,0.54
2024-08-09,0.432,0.428,0.435,0.427,645487,27804572.831,1.86,-0.47,-0.002,0.5
2024-08-12,0.428,0.427,0.429,0.425,623696,26615494.712,0.93,-0.23,-0.001,0.48
2024-08-13,0.426,0.429,0.429,0.423,646352,27524959.181,1.41,0.47,0.002,0.5
2024-08-14,0.428,0.422,0.429,0.422,720110,30551925.542,1.63,-1.63,-0.007,0.56
2024-08-15,0.421,0.425,0.428,0.421,799063,33945118.696,1.66,0.71,0.003,0.62
2024-08-16,0.426,0.425,0.428,0.424,586304,24966890.346,0.94,0.0,0.0,0.45
2024-08-19,0.425,0.426,0.431,0.425,448509,19177865.59,1.41,0.24,0.001,0.35
2024-08-20,0.427,0.42,0.428,0.42,681719,28786116.432,1.88,-1.41,-0.006,0.53
2024-08-21,0.42,0.419,0.423,0.418,471139,19784263.947,1.19,-0.24,-0.001,0.37
2024-08-22,0.42,0.417,0.421,0.415,541958,22606295.416,1.43,-0.48,-0.002,0.42
2024-08-23,0.416,0.416,0.417,0.412,665403,27566656.604,1.2,-0.24,-0.001,0.52
2024-08-26,0.415,0.414,0.418,0.412,428856,17808016.36,1.44,-0.48,-0.002,0.33
2024-08-27,0.414,0.411,0.414,0.408,683702,28027706.29,1.45,-0.72,-0.003,0.53
2024-08-28,0.41,0.408,0.411,0.406,622790,25406410.346,1.22,-0.73,-0.003,0.48
2024-08-29,0.406,0.412,0.414,0.403,771161,31550803.269,2.7,0.98,0.004,0.6
2024-08-30,0.411,0.423,0.427,0.411,1534804,64747384.091,3.88,2.67,0.011,1.19
2024-09-02,0.422,0.41,0.423,0.41,1066246,44270411.187,3.07,-3.07,-0.013,0.83
2024-09-03,0.411,0.414,0.416,0.41,655105,27053049.398,1.46,0.98,0.004,0.51
2024-09-04,0.41,0.412,0.416,0.407,758259,31226301.069,2.17,-0.48,-0.002,0.59
2024-09-05,0.41,0.412,0.417,0.41,666045,27521402.54,1.7,0.0,0.0,0.52
2024-09-06,0.413,0.407,0.413,0.405,812286,33193561.01,1.94,-1.21,-0.005,0.63
2024-09-09,0.406,0.406,0.409,0.402,802778,32503741.165,1.72,-0.25,-0.001,0.62
2024-09-10,0.406,0.408,0.411,0.402,1123793,45709653.149,2.22,0.49,0.002,0.87
2024-09-11,0.407,0.411,0.412,0.406,807790,33141254.301,1.47,0.74,0.003,0.63
2024-09-12,0.412,0.408,0.416,0.408,1279380,52659225.121,1.95,-0.73,-0.003,0.99
2024-09-13,0.409,0.407,0.411,0.405,641791,26168759.672,1.47,-0.25,-0.001,0.5
2024-09-18,0.405,0.405,0.407,0.402,787160,31836613.196,1.23,-0.49,-0.002,0.61
2024-09-19,0.407,0.406,0.41,0.401,1602105,64886404.545,2.22,0.25,0.001,1.24
2024-09-20,0.406,0.403,0.407,0.4,1363413,54806559.304,1.72,-0.74,-0.003,1.06
2024-09-23,0.403,0.401,0.407,0.4,747875,30132890.795,1.74,-0.5,-0.002,0.58
2024-09-24,0.402,0.419,0.419,0.4,2361296,96870987.192,4.74,4.49,0.018,1.83
2024-09-25,0.425,0.423,0.432,0.423,2466411,105378782.311,2.15,0.95,0.004,1.91
2024-09-26,0.422,0.438,0.438,0.418,2283847,97410567.136,4.73,3.55,0.015,1.77
2024-09-27,0.441,0.474,0.48,0.441,4453894,205369977.65,8.9,8.22,0.036,3.46
2024-09-30,0.5,0.567,0.567,0.487,10886183,575653276.922,16.88,19.62,0.093,8.45
2024-10-08,0.68,0.68,0.68,0.601,32317527,2144708701.256,13.93,19.93,0.113,25.08
2024-10-09,0.66,0.602,0.66,0.585,17457921,1083972363.222,11.03,-11.47,-0.078,13.55
2024-10-10,0.598,0.583,0.613,0.568,8928283,526699817.841,7.48,-3.16,-0.019,6.93
2024-10-11,0.572,0.549,0.574,0.541,8343234,463622462.822,5.66,-5.83,-0.034,6.47
2024-10-14,0.549,0.562,0.564,0.536,7186875,394986855.373,5.1,2.37,0.013,5.58
2024-10-15,0.556,0.543,0.568,0.543,4889339,271427015.424,4.45,-3.38,-0.019,3.79
2024-10-16,0.53,0.526,0.538,0.524,6887275,364967614.981,2.58,-3.13,-0.017,5.34
2024-10-17,0.534,0.525,0.538,0.525,4555530,242360558.447,2.47,-0.19,-0.001,3.54
2024-10-18,0.524,0.579,0.598,0.524,13494867,762556403.77,14.1,10.29,0.054,10.47
2024-10-21,0.591,0.584,0.61,0.572,10150283,599406797.43,6.56,0.86,0.005,7.88
2024-10-22,0.579,0.582,0.585,0.571,5688236,329216129.103,2.4,-0.34,-0.002,4.41
2024-10-23,0.577,0.576,0.589,0.571,4729287,273291502.057,3.09,-1.03,-0.006,3.67
2024-10-24,0.572,0.573,0.58,0.569,4036102,231845526.164,1.91,-0.52,-0.003,3.13
2024-10-25,0.575,0.587,0.6,0.574,9131756,537493344.843,4.54,2.44,0.014,7.09
2024-10-28,0.584,0.582,0.587,0.574,6467242,374577763.516,2.21,-0.85,-0.005,5.02
2024-10-29,0.582,0.571,0.586,0.57,6562208,378526923.639,2.75,-1.89,-0.011,5.09
2024-10-30,0.565,0.561,0.572,0.556,16657048,935276418.09,2.8,-1.75,-0.01,12.93
2024-10-31,0.558,0.564,0.572,0.555,5561693,313344957.492,3.03,0.53,0.003,4.32
2024-11-01,0.559,0.551,0.562,0.551,3326425,185188803.731,1.95,-2.3,-0.013,2.58
2024-11-04,0.551,0.562,0.562,0.549,4407173,245957223.56,2.36,2.0,0.011,3.42
2024-11-05,0.56,0.584,0.586,0.558,6573508,378923080.27,4.98,3.91,0.022,5.1
2024-11-06,0.585,0.582,0.597,0.576,4726364,277451812.669,3.6,-0.34,-0.002,3.67
2024-11-07,0.575,0.596,0.6,0.574,5965392,349305361.958,4.47,2.41,0.014,4.63
2024-11-08,0.61,0.594,0.615,0.592,10287158,620178536.639,3.86,-0.34,-0.002,7.98
2024-11-11,0.59,0.616,0.616,0.587,6070312,368354789.968,4.88,3.7,0.022,4.71
2024-11-12,0.614,0.609,0.623,0.602,6671986,409533825.687,3.41,-1.14,-0.007,5.18
2024-11-13,0.602,0.619,0.62,0.602,4729074,289360739.869,2.96,1.64,0.01,3.67
2024-11-14,0.616,0.599,0.62,0.596,3186952,193384732.499,3.88,-3.23,-0.02,2.47
2024-11-15,0.596,0.576,0.6,0.575,8360253,493925324.008,4.17,-3.84,-0.023,6.49
2024-11-18,0.576,0.562,0.581,0.558,8444769,481334666.771,3.99,-2.43,-0.014,6.55
2024-11-19,0.564,0.578,0.58,0.557,4196349,237992352.505,4.09,2.85,0.016,3.26
2024-11-20,0.575,0.58,0.584,0.573,2547291,147485854.195,1.9,0.35,0.002,1.98
2024-11-21,0.579,0.582,0.587,0.576,2362808,137475799.498,1.9,0.34,0.002,1.83
2024-11-22,0.58,0.561,0.584,0.559,2563619,146375764.594,4.3,-3.61,-0.021,1.99
2024-11-25,0.56,0.554,0.564,0.545,2427449,134318449.91,3.39,-1.25,-0.007,1.88
2024-11-26,0.551,0.55,0.558,0.55,1472052,81502455.675,1.44,-0.72,-0.004,1.14
2024-11-27,0.546,0.567,0.567,0.543,2794475,155524962.537,4.36,3.09,0.017,2.17
2024-11-28,0.565,0.56,0.568,0.558,1991978,112219783.64,1.76,-1.23,-0.007,1.55
2024-11-29,0.557,0.572,0.581,0.557,4091639,233733846.568,4.29,2.14,0.012,3.18
2024-12-02,0.57,0.58,0.582,0.568,11375762,657903385.563,2.45,1.4,0.008,8.83
2024-12-03,0.579,0.575,0.581,0.571,2036603,117316960.211,1.72,-0.86,-0.005,1.58
2024-12-04,0.577,0.568,0.58,0.567,8369999,479431088.21,2.26,-1.22,-0.007,6.49
2024-12-05,0.566,0.569,0.574,0.566,1482690,84435834.551,1.41,0.18,0.001,1.15
2024-12-06,0.569,0.581,0.586,0.568,3590379,208048297.517,3.16,2.11,0.012,2.79
2024-12-09,0.578,0.574,0.581,0.57,2874519,165542776.619,1.89,-1.2,-0.007,2.23
2024-12-10,0.599,0.578,0.605,0.575,4604727,271108470.752,5.23,0.7,0.004,3.57
2024-12-11,0.576,0.576,0.579,0.572,1918325,110402772.132,1.21,-0.35,-0.002,1.49
2024-12-12,0.573,0.582,0.585,0.573,2358313,136433725.875,2.08,1.04,0.006,1.83
2024-12-13,0.578,0.569,0.581,0.568,2559120,146611766.914,2.23,-2.23,-0.013,1.99
2024-12-16,0.568,0.56,0.57,0.559,2080423,117172958.905,1.93,-1.58,-0.009,1.61
2024-12-17,0.56,0.561,0.569,0.56,1654287,93278757.635,1.61,0.18,0.001,1.28
2024-12-18,0.561,0.563,0.566,0.558,1529531,85961986.343,1.43,0.36,0.002,1.19
2024-12-19,0.56,0.569,0.572,0.556,2331137,131791369.462,2.84,1.07,0.006,1.81
2024-12-20,0.568,0.574,0.582,0.567,2720929,156447651.425,2.64,0.88,0.005,2.11
2024-12-23,0.573,0.571,0.581,0.571,1920612,110584686.274,1.74,-0.52,-0.003,1.49
2024-12-24,0.571,0.58,0.58,0.569,1928488,110791254.31,1.93,1.58,0.009,1.5
2024-12-25,0.579,0.58,0.585,0.577,1996991,116166349.804,1.38,0.0,0.0,1.55
2024-12-26,0.579,0.585,0.588,0.577,4526706,264746336.828,1.9,0.86,0.005,3.51
2024-12-27,0.583,0.58,0.59,0.578,2715390,158708146.636,2.05,-0.85,-0.005,2.11
2024-12-30,0.58,0.579,0.585,0.578,1378633,80051488.128,1.21,-0.17,-0.001,1.07
2024-12-31,0.578,0.565,0.58,0.563,2147030,122484525.476,2.94,-2.42,-0.014,1.67
2025-01-02,0.564,0.544,0.564,0.539,3254409,179439121.067,4.42,-3.72,-0.021,2.53
2025-01-03,0.543,0.537,0.548,0.536,1914879,103705349.618,2.21,-1.29,-0.007,1.49
2025-01-06,0.539,0.537,0.543,0.533,1848711,99345797.325,1.86,0.0,0.0,1.43
2025-01-07,0.536,0.547,0.547,0.533,1504514,81299256.858,2.61,1.86,0.01,1.17
2025-01-08,0.543,0.543,0.549,0.531,2112492,114118019.909,3.29,-0.73,-0.004,1.64
2025-01-09,0.541,0.542,0.547,0.54,1295082,70495915.464,1.29,-0.18,-0.001,1.0
2025-01-10,0.541,0.535,0.548,0.535,1532670,83179975.232,2.4,-1.29,-0.007,1.19
2025-01-13,0.531,0.534,0.538,0.529,1111147,59211237.056,1.68,-0.19,-0.001,0.86
2025-01-14,0.536,0.554,0.555,0.531,2784246,151856564.051,4.49,3.75,0.02,2.16
2025-01-15,0.551,0.547,0.552,0.545,1372633,75230581.784,1.26,-1.26,-0.007,1.07
2025-01-16,0.549,0.546,0.556,0.54,1803913,98752706.27,2.93,-0.18,-0.001,1.4
2025-01-17,0.543,0.549,0.555,0.541,1614405,88476308.271,2.56,0.55,0.003,1.25
2025-01-20,0.552,0.557,0.561,0.552,1907085,106305281.684,1.64,1.46,0.008,1.48
2025-01-21,0.56,0.559,0.562,0.554,1386546,77364591.101,1.44,0.36,0.002,1.08
2025-01-22,0.557,0.558,0.561,0.554,2318302,129503357.835,1.25,-0.18,-0.001,1.8
2025-01-23,0.563,0.554,0.569,0.554,2370204,132818115.526,2.69,-0.72,-0.004,1.84
2025-01-24,0.554,0.559,0.563,0.552,1459345,81576446.122,1.99,0.9,0.005,1.13
2025-01-27,0.56,0.544,0.56,0.544,1972419,108592598.755,2.86,-2.68,-0.015,1.53
2025-02-05,0.553,0.547,0.555,0.544,1612957,88452051.253,2.02,0.55,0.003,1.25
2025-02-06,0.545,0.561,0.562,0.544,3406170,189879917.655,3.29,2.56,0.014,2.64
2025-02-07,0.561,0.571,0.579,0.56,3643930,208171303.054,3.39,1.78,0.01,2.83
2025-02-10,0.572,0.576,0.577,0.567,2550648,146132525.475,1.75,0.88,0.005,1.98
2025-02-11,0.575,0.57,0.576,0.569,2198805,125642527.268,1.22,-1.04,-0.006,1.71
2025-02-12,0.569,0.578,0.579,0.567,2359931,135242822.288,2.11,1.4,0.008,1.83
2025-02-13,0.576,0.568,0.58,0.567,2076069,119018184.833,2.25,-1.73,-0.01,1.61
2025-02-14,0.566,0.572,0.574,0.565,2329694,132868547.54,1.58,0.7,0.004,1.81
2025-02-17,0.576,0.581,0.583,0.576,2734619,158557644.387,1.22,1.57,0.009,2.12
2025-02-18,0.58,0.57,0.583,0.569,2278463,131451692.115,2.41,-1.89,-0.011,1.77
2025-02-19,0.569,0.582,0.583,0.568,2600036,150294778.442,2.63,2.11,0.012,2.02
2025-02-20,0.581,0.582,0.585,0.577,1650044,95941484.381,1.37,0.0,0.0,1.28
2025-02-21,0.583,0.606,0.608,0.583,6388107,382503863.231,4.3,4.12,0.024,4.96
2025-02-24,0.605,0.604,0.611,0.598,2957109,178954179.896,2.15,-0.33,-0.002,2.29
2025-02-25,0.597,0.601,0.61,0.593,2721714,163742559.856,2.81,-0.5,-0.003,2.11
2025-02-26,0.602,0.611,0.612,0.597,2615153,158654928.585,2.5,1.66,0.01,2.03
2025-02-27,0.61,0.608,0.617,0.598,3082497,187147673.699,3.11,-0.49,-0.003,2.39
2025-02-28,0.604,0.58,0.605,0.58,3037012,179582884.709,4.11,-4.61,-0.028,2.36
2025-03-03,0.584,0.582,0.591,0.576,2025397,118082225.409,2.59,0.34,0.002,1.57
2025-03-04,0.575,0.583,0.584,0.571,1596132,92228418.176,2.23,0.17,0.001,1.24
2025-03-05,0.581,0.583,0.586,0.578,1197559,69691238.143,1.37,0.0,0.0,0.93
2025-03-06,0.587,0.6,0.602,0.587,2525706,150574743.21,2.57,2.92,0.017,1.96
2025-03-07,0.596,0.59,0.597,0.588,1989609,117971418.696,1.5,-1.67,-0.01,1.54
2025-03-10,0.59,0.591,0.593,0.583,1274669,74978668.243,1.69,0.17,0.001,0.99
2025-03-11,0.584,0.588,0.589,0.581,2302280,134585356.317,1.35,-0.51,-0.003,1.79
2025-03-12,0.59,0.583,0.592,0.583,2767768,162436501.969,1.53,-0.85,-0.005,2.15
2025-03-13,0.583,0.573,0.586,0.57,3414146,196468076.756,2.74,-1.72,-0.01,2.65
2025-03-14,0.573,0.585,0.585,0.571,1802329,104679470.523,2.44,2.09,0.012,1.4
2025-03-17,0.585,0.58,0.586,0.578,1382353,80244712.376,1.37,-0.85,-0.005,1.07
2025-03-18,0.582,0.584,0.587,0.58,2343738,136523311.464,1.21,0.69,0.004,1.82
2025-03-19,0.582,0.579,0.583,0.577,2129632,123616522.846,1.03,-0.86,-0.005,1.65
2025-03-20,0.578,0.573,0.579,0.572,1391522,80027136.403,1.21,-1.04,-0.006,1.08
2025-03-21,0.572,0.56,0.573,0.557,3809095,214479568.344,2.79,-2.27,-0.013,2.96
2025-03-24,0.561,0.561,0.562,0.554,2104469,117385709.047,1.43,0.18,0.001,1.63
2025-03-25,0.561,0.558,0.564,0.556,1244744,69579809.399,1.43,-0.53,-0.003,0.97
2025-03-26,0.558,0.555,0.561,0.555,1107553,61765797.006,1.08,-0.54,-0.003,0.86
2025-03-27,0.555,0.557,0.563,0.551,1389169,77324930.568,2.16,0.36,0.002,1.08
2025-03-28,0.558,0.551,0.559,0.551,1228587,68077126.269,1.44,-1.08,-0.006,0.95
2025-03-31,0.549,0.547,0.552,0.543,1673817,91512678.177,1.63,-0.73,-0.004,1.3
2025-04-01,0.548,0.548,0.554,0.546,1421580,78241292.347,1.46,0.18,0.001,1.1
2025-04-02,0.548,0.547,0.552,0.545,1389766,76108604.634,1.28,-0.18,-0.001,1.08
2025-04-03,0.543,0.54,0.548,0.537,2705920,146393859.148,2.01,-1.28,-0.007,2.1
2025-04-07,0.517,0.48,0.52,0.458,5556844,272188617.655,11.48,-11.11,-0.06,4.31
2025-04-08,0.485,0.485,0.495,0.477,2440108,118528586.665,3.75,1.04,0.005,1.89
2025-04-09,0.478,0.495,0.504,0.472,4645555,229877213.63,6.6,2.06,0.01,3.6
2025-04-10,0.511,0.504,0.516,0.503,2946429,149880047.554,2.63,1.82,0.009,2.29
2025-04-11,0.502,0.516,0.522,0.501,2889532,148285028.247,4.17,2.38,0.012,2.24
2025-04-14,0.52,0.517,0.523,0.515,1984587,103081934.028,1.55,0.19,0.001,1.54
2025-04-15,0.517,0.514,0.518,0.51,1382180,70789498.764,1.55,-0.58,-0.003,1.07
2025-04-16,0.513,0.513,0.516,0.505,2481177,126508716.49,2.14,-0.19,-0.001,1.93
2025-04-17,0.51,0.515,0.519,0.509,2678389,138179645.756,1.95,0.39,0.002,2.08
2025-04-18,0.513,0.515,0.515,0.51,902211,46245046.352,0.97,0.0,0.0,0.7
2025-04-21,0.514,0.519,0.521,0.512,1128990,58467111.583,1.75,0.78,0.004,0.88
2025-04-22,0.518,0.517,0.521,0.516,801722,41561408.858,0.96,-0.39,-0.002,0.62
2025-04-23,0.52,0.523,0.525,0.517,1509848,78806782.58,1.55,1.16,0.006,1.17
2025-04-24,0.522,0.516,0.522,0.516,1388819,72018676.361,1.15,-1.34,-0.007,1.08
2025-04-25,0.517,0.519,0.522,0.516,841613,43714515.612,1.16,0.58,0.003,0.65
2025-04-28,0.519,0.518,0.521,0.515,804630,41673398.898,1.16,-0.19,-0.001,0.62
2025-04-29,0.516,0.516,0.519,0.514,1888304,97487469.317,0.97,-0.39,-0.002,1.47
2025-04-30,0.517,0.522,0.523,0.516,1610552,83826848.801,1.36,1.16,0.006,1.25
2025-05-06,0.525,0.531,0.531,0.524,1461073,77187926.194,1.34,1.72,0.009,1.13
2025-05-07,0.537,0.531,0.541,0.528,1506095,80518910.289,2.45,0.0,0.0,1.17
2025-05-08,0.532,0.539,0.54,0.53,1345463,72314236.783,1.88,1.51,0.008,1.04
2025-05-09,0.538,0.532,0.538,0.53,892009,47517308.84,1.48,-1.3,-0.007,0.69
2025-05-12,0.536,0.54,0.541,0.535,1232075,66320413.339,1.13,1.5,0.008,0.96
2025-05-13,0.547,0.541,0.548,0.54,1478541,80345549.998,1.48,0.19,0.001,1.15
2025-05-14,0.541,0.544,0.548,0.539,1148174,62387538.361,1.66,0.55,0.003,0.89
2025-05-15,0.543,0.535,0.544,0.534,1667307,89499276.795,1.84,-1.65,-0.009,1.29
2025-05-16,0.533,0.534,0.536,0.532,754199,40253078.434,0.75,-0.19,-0.001,0.59
2025-05-19,0.533,0.532,0.534,0.528,676656,35934124.628,1.12,-0.37,-0.002,0.53
2025-05-20,0.533,0.535,0.538,0.53,996252,53247651.132,1.5,0.56,0.003,0.77
2025-05-21,0.535,0.536,0.539,0.534,884430,47462104.968,0.93,0.19,0.001,0.69
2025-05-22,0.536,0.533,0.537,0.531,900141,48064660.539,1.12,-0.56,-0.003,0.7
2025-05-23,0.532,0.528,0.537,0.528,1234013,65700642.723,1.69,-0.94,-0.005,0.96
2025-05-26,0.528,0.527,0.529,0.524,1006089,52932981.839,0.95,-0.19,-0.001,0.78
2025-05-27,0.525,0.52,0.526,0.519,1190599,62151870.44,1.33,-1.33,-0.007,0.92
2025-05-28,0.521,0.521,0.523,0.52,639228,33307676.986,0.58,0.19,0.001,0.5
2025-05-29,0.521,0.529,0.529,0.521,1099676,57870414.636,1.54,1.54,0.008,0.85
2025-05-30,0.527,0.525,0.527,0.522,674408,35326834.478,0.95,-0.76,-0.004,0.52
2025-06-03,0.523,0.526,0.529,0.522,591355,31120270.989,1.33,0.19,0.001,0.46
2025-06-04,0.526,0.53,0.532,0.526,861465,45657487.796,1.14,0.76,0.004,0.67
2025-06-05,0.53,0.537,0.538,0.529,1340392,71645114.91,1.7,1.32,0.007,1.04
2025-06-06,0.537,0.536,0.538,0.534,470467,25192483.602,0.74,-0.19,-0.001,0.37
2025-06-09,0.535,0.541,0.544,0.535,960397,51884333.519,1.68,0.93,0.005,0.75
2025-06-10,0.541,0.533,0.543,0.53,957938,51254284.679,2.4,-1.48,-0.008,0.74
2025-06-11,0.532,0.534,0.539,0.532,673427,36077760.919,1.31,0.19,0.001,0.52
2025-06-12,0.533,0.534,0.538,0.531,798654,42781858.943,1.31,0.0,0.0,0.62
2025-06-13,0.533,0.531,0.536,0.53,787481,41935648.738,1.12,-0.56,-0.003,0.61
2025-06-16,0.531,0.534,0.536,0.53,704259,37602727.915,1.13,0.56,0.003,0.55
2025-06-17,0.534,0.529,0.535,0.528,961280,50977547.378,1.31,-0.94,-0.005,0.75
2025-06-18,0.529,0.534,0.535,0.529,1223760,65128777.021,1.13,0.95,0.005,0.95
2025-06-19,0.534,0.53,0.537,0.529,1034974,55162521.402,1.5,-0.75,-0.004,0.8
2025-06-20,0.531,0.527,0.534,0.527,699800,37053062.18,1.32,-0.57,-0.003,0.54
2025-06-23,0.526,0.529,0.53,0.524,836664,44167688.617,1.14,0.38,0.002,0.65
2025-06-24,0.53,0.538,0.539,0.529,1575808,84414848.027,1.89,1.7,0.009,1.22
2025-06-25,0.539,0.548,0.549,0.538,2210619,120010251.601,2.04,1.86,0.01,1.72
2025-06-26,0.548,0.546,0.556,0.546,1791190,98753043.505,1.82,-0.36,-0.002,1.39
2025-06-27,0.549,0.549,0.553,0.545,1215123,66776501.42,1.47,0.55,0.003,0.94
2025-06-30,0.55,0.559,0.559,0.55,2021873,112455993.249,1.64,1.82,0.01,1.57
2025-07-01,0.558,0.556,0.558,0.553,874645,48564008.664,0.89,-0.54,-0.003,0.68
2025-07-02,0.555,0.549,0.555,0.547,1428920,78471397.491,1.44,-1.26,-0.007,1.11
2025-07-03,0.549,0.555,0.556,0.549,1292031,71459766.075,1.28,1.09,0.006,1.0
2025-07-04,0.554,0.552,0.56,0.552,1187882,65951408.62,1.44,-0.54,-0.003,0.92
2025-07-07,0.552,0.546,0.553,0.544,2281052,124649905.194,1.63,-1.09,-0.006,1.77
2025-07-08,0.545,0.559,0.56,0.545,1961369,108934152.276,2.75,2.38,0.013,1.52
2025-07-09,0.558,0.557,0.563,0.556,1319495,73954534.53,1.25,-0.36,-0.002,1.02
2025-07-10,0.558,0.558,0.561,0.555,1167586,65195939.863,1.08,0.18,0.001,0.91
2025-07-11,0.557,0.563,0.567,0.557,1557240,87723759.393,1.79,0.9,0.005,1.21
2025-07-14,0.563,0.563,0.565,0.561,793785,44679877.841,0.71,0.0,0.0,0.62
2025-07-15,0.565,0.575,0.576,0.565,2552561,146181404.324,1.95,2.13,0.012,1.98
2025-07-16,0.576,0.574,0.585,0.574,2325701,134720072.813,1.91,-0.17,-0.001,1.8
2025-07-17,0.574,0.586,0.586,0.573,2091837,121689516.427,2.26,2.09,0.012,1.62
2025-07-18,0.587,0.589,0.594,0.585,2529193,148979600.936,1.54,0.51,0.003,1.96
2025-07-21,0.589,0.59,0.593,0.585,1293698,76211226.775,1.36,0.17,0.001,1.0
2025-07-22,0.59,0.594,0.596,0.589,1508222,89469608.961,1.19,0.68,0.004,1.17
2025-07-23,0.592,0.594,0.6,0.59,1581770,94281673.698,1.68,0.0,0.0,1.23
2025-07-24,0.596,0.602,0.603,0.595,1418522,85031680.197,1.35,1.35,0.008,1.1
2025-07-25,0.603,0.608,0.61,0.6,1886898,114067481.804,1.66,1.0,0.006,1.46
2025-07-28,0.61,0.612,0.612,0.604,2411857,146948394.107,1.32,0.66,0.004,1.87
2025-07-29,0.609,0.626,0.627,0.609,2817573,174796689.547,2.94,2.29,0.014,2.19
2025-07-30,0.625,0.618,0.626,0.613,2428143,150643994.788,2.08,-1.28,-0.008,1.88
2025-07-31,0.62,0.609,0.626,0.609,2869796,177497354.126,2.75,-1.46,-0.009,2.23
2025-08-01,0.606,0.605,0.616,0.6,2025049,123069702.394,2.63,-0.66,-0.004,1.57
2025-08-04,0.601,0.608,0.609,0.6,1524657,92056402.956,1.49,0.5,0.003,1.18
2025-08-05,0.61,0.61,0.612,0.604,1434594,87223679.451,1.32,0.33,0.002,1.11
2025-08-06,0.608,0.615,0.615,0.607,1596658,97634347.795,1.31,0.82,0.005,1.24
2025-08-07,0.615,0.611,0.618,0.607,1675786,102613702.386,1.79,-0.65,-0.004,1.3
2025-08-08,0.61,0.608,0.613,0.606,821996,50065632.402,1.15,-0.49,-0.003,0.64
2025-08-11,0.607,0.617,0.619,0.607,1332347,81980465.693,1.97,1.48,0.009,1.03
2025-08-12,0.617,0.631,0.632,0.615,3299020,206578499.451,2.76,2.27,0.014,2.56
2025-08-13,0.632,0.65,0.652,0.63,5349753,345131505.227,3.49,3.01,0.019,4.15
2025-08-14,0.65,0.651,0.664,0.649,4105378,269888604.505,2.31,0.15,0.001,3.19
2025-08-15,0.648,0.661,0.662,0.648,3460337,227389294.804,2.15,1.54,0.01,2.69
2025-08-18,0.665,0.678,0.684,0.66,12007326,810415746.575,3.63,2.57,0.017,9.32
2025-08-19,0.674,0.676,0.688,0.673,2705964,184067377.842,2.21,-0.29,-0.002,2.1
2025-08-20,0.672,0.688,0.688,0.664,3223843,218093064.338,3.55,1.78,0.012,2.5
2025-08-21,0.687,0.689,0.698,0.684,3503683,242007522.464,2.03,0.15,0.001,2.72
2025-08-22,0.686,0.732,0.733,0.686,5776783,412797909.704,6.82,6.24,0.043,4.48
2025-08-25,0.75,0.764,0.769,0.743,7026485,531089472.097,3.55,4.37,0.032,5.45
2025-08-26,0.756,0.754,0.764,0.746,9143441,693255784.321,2.36,-1.31,-0.01,7.1
2025-08-27,0.757,0.76,0.791,0.757,11236391,870869414.235,4.51,0.8,0.006,8.72
2025-08-28,0.754,0.812,0.813,0.754,14710116,1157846437.884,7.76,6.84,0.052,11.41
2025-08-29,0.803,0.815,0.824,0.792,11737127,948976184.45,3.94,0.37,0.003,9.11
2025-09-01,0.818,0.841,0.842,0.809,4688310,387833888.744,4.05,3.19,0.026,3.64
2025-09-02,0.839,0.817,0.85,0.805,6437817,532608130.115,5.35,-2.85,-0.024,5.0
2025-09-03,0.812,0.822,0.832,0.807,5214429,426501463.578,3.06,0.61,0.005,4.05
2025-09-04,0.828,0.769,0.838,0.756,6982522,549079507.153,9.98,-6.45,-0.053,5.42
2025-09-05,0.769,0.819,0.824,0.768,5042951,402440284.552,7.28,6.5,0.05,3.91
